cunicah,trh2b_12,trh4b_12
1,4, 
2,3, 
3,5, 
4,1, 
5,1, 
6,4, 
8, ,1
9,6, 
10,4, 
14,2, 
15,4, 
16,4, 
17,3, 
18,8, 
19,4, 
20,4, 
21,4, 
22,2, 
23, ,1
24,4, 
24,8, 
25,6, 
27, ,1
27, ,1
30,10, 
31,5, 
35,6, 
36,3, 
37,4, 
39,3, 
42,2, 
43, ,1
43, ,1
44,3, 
46, ,1
49,1,2
50,7, 
52,3, 
53,9, 
54,5, 
56,6, 
57,5, 
58,2, 
58,5, 
59,1,2
62,1, 
62,1, 
63,1, 
64,3, 
65, ,1
67,4, 
72,1, 
73,4, 
74,1, 
77,2, 
80,2, 
81,1, 
83,1, 
85,1,2
86, ,1
90, ,1
91,4, 
92,2, 
93,7, 
94,1, 
95,7, 
96,5, 
97,9, 
99, ,1
100,4, 
104,3, 
105,4, 
108,7, 
110,7, 
111,7, 
112,2, 
113,2, 
115,1, 
116,3, 
117, ,1
118,3, 
122,3, 
124, ,1
125,3, 
126,2, 
127,4,2
129,3, 
130,1, 
131,4, 
132,1,2
134,4, 
135,5, 
136,9, 
138,2, 
142,3, 
145,5, 
147,5, 
149,3, 
150,1, 
151,2, 
152, ,1
156,1,2
158,2, 
163,3, 
165,1, 
166,1, 
168,6, 
168,6, 
169,5, 
170,3,2
171,3, 
173,1, 
175,1,2
176,4, 
178, ,1
179,2, 
180,3, 
182,4, 
186, ,1
188,3, 
189,3, 
192,3, 
198,1, 
199, ,1
201,5, 
202, ,1
203,1,2
205,4, 
207,4, 
208, ,1
211,2, 
212,3, 
213, ,1
214,5,2
215,3, 
218, ,1
219,2, 
220,1,2
221,5, 
223,1, 
224, ,1
226,2, 
228,3, 
229,1,2
230,2, 
231, ,1
234,1,2
235,4, 
236,3, 
243,3, 
244,2, 
247, ,1
248,6, 
249,5, 
252,1, 
254,12, 
255,2, 
257,3, 
258,1, 
260,2, 
262,1, 
264,1, 
265,5, 
272,4, 
273,1, 
274,1, 
277,3, 
278,2, 
279,2, 
280, ,1
282, ,1
284, ,1
285,1, 
287,1, 
288,4, 
289,4, 
291,5, 
292,2,2
293,2, 
294,1, 
295,1, 
296,2, 
298,1, 
299,4, 
300,3, 
301,2, 
303,5,2
304,1, 
306,3, 
308, ,1
309, ,1
310,7, 
311, ,1
312,3, 
313,2, 
314,2,2
316,5, 
317,7, 
321,2, 
322,1, 
323,7, 
325,2, 
326,3, 
327,15, 
328,13, 
329,5, 
330,7, 
331,4,2
333,6, 
334, ,1
335,2, 
337,1, 
339, ,1
340,17, 
343, ,1
344,1, 
345,10, 
346,6, 
348, ,1
350,3, 
351,2, 
355,1, 
357,4, 
358, ,1
360, ,1
361, ,1
362,6, 
363,3, 
365,1, 
366,4, 
367,1, 
367,6, 
368,8, 
370,3, 
371,5, 
374,1, 
375,12, 
378,4, 
379,9, 
381,5, 
382,4, 
384,1,2
386,1, 
387,4, 
388, ,1
389,10,2
390,5, 
392,4, 
393,4, 
395,5, 
396,1, 
398,3, 
399,2, 
400,2, 
401,1,2
405,4, 
408,1, 
409,4, 
413,5, 
414,1,2
415,4, 
417,1, 
418,11, 
419,1, 
420,4, 
421, ,1
423,4, 
424,7, 
425,6, 
426,3, 
427,5, 
428,1, 
429,1, 
430,1, 
434,6, 
435,4, 
436,1, 
437,1, 
457,14, 
458,7, 
460,6, 
463,6, 
464,2, 
465,10, 
466,2, 
467, ,1
469,5, 
470, ,1
471,2, 
472,7,2
473,6, 
474,1,2
475,3, 
475,3, 
476,2, 
479,4, 
480,8, 
481,7, 
482,2, 
483,8, 
492,7, 
494,7, 
496,1,2
498, ,1
499,2,2
501,7, 
502,11, 
503,1,2
504,1, 
505,1, 
511,4, 
512,3, 
513,6, 
514,2, 
515,11,2
516,1, 
519,2, 
520,11, 
521,2, 
522,4, 
523, ,1
524,1, 
525,2, 
526,1, 
527,2, 
531,3, 
545,1, 
546, ,1
547,3, 
549,5, 
550,3, 
551, ,1
553, ,1
554,8, 
555, ,1
556,3, 
557,1, 
559,3, 
561,3, 
562,1, 
564,2, 
566,2,2
567, ,1
568, ,1
569,1, 
571,2, 
572,1, 
574,1, 
576, ,1
578,4, 
579,6, 
580,2,2
582,4, 
583,2, 
584,5, 
585,7, 
587,6, 
591,1, 
593,1, 
594,3, 
595, ,1
598,3, 
599,1, 
601,2, 
602, ,1
606,5, 
608, ,1
609,3, 
611,2, 
612,6, 
614, ,1
615,1, 
616,2, 
619,4, 
620,3,2
625,2, 
626,1, 
628, ,1
629,2, 
630,3, 
631, ,1
632,5, 
635,3, 
636, ,1
637,6, 
638,3, 
642,4, 
643,7, 
644,1, 
644,4, 
647,2, 
648,3, 
649,2, 
650,1, 
651,1, 
652, ,1
653, ,1
655,8, 
657,4, 
658,7, 
659,2, 
660,1, 
664,16, 
665,1,2
666, ,1
667, ,1
668,6, 
670, ,1
671,3, 
672,4, 
674,4, 
675,1, 
676,5, 
678,1, 
681,2, 
771, ,1
834,2, 
838,4, 
844,1, 
846,3, 
849,4, 
852,1, 
853,7, 
854, ,1
855,1, 
856,2, 
859,1, 
860,2, 
861,7, 
865,5, 
867,3, 
869,3, 
872,3, 
874,5, 
875,1, 
877, ,1
878,1, 
879,3, 
880,3, 
883, ,1
885,6, 
887,5,2
888,2, 
888,3, 
889,1, 
890, ,1
891,2,2
892,6, 
893,2, 
894,1,2
895,8, 
897,1, 
898,7, 
900,4, 
901,1, 
902,1, 
903,1, 
908,2,2
909,1, 
910, ,1
912, ,1
913,1, 
914,1, 
915,5, 
917, ,1
919,2, 
921,4,2
923, ,1
926,2, 
927,3, 
931,2, 
934,3,2
937,3, 
938,3, 
941,6, 
943, ,1
948, ,1
949,2, 
954,3, 
955,1, 
956,1, 
957,2,2
958,2, 
962,2, 
963,2, 
966,1, 
971,3, 
972,4, 
973,2, 
977,4, 
978,3, 
980,2, 
981,4, 
983,3, 
984, ,1
986,5, 
989,3, 
993, ,1
995,2, 
996,1, 
997,1, 
998,2,2
1001,5, 
1002,2, 
1003, ,1
1004,2, 
1005,2, 
1006,3, 
1007,7, 
1008,2, 
1014, ,1
1015,1, 
1016,4,2
1017,2, 
1019,5, 
1022,3, 
1024, ,1
1026,1,2
1027,1, 
1028, ,1
1029,1, 
1030,2, 
1031,1, 
1033,3,2
1034,3, 
1036,5, 
1039,1,2
1040,2, 
1041,1, 
1044,2, 
1045,9, 
1047,1, 
1048,2, 
1049,3, 
1051,4, 
1052,11, 
1054,5,2
1055,4,2
1056,3, 
1057,2, 
1058,1, 
1059,4, 
1061, ,1
1062,1, 
1065,1, 
1066,2, 
1067, ,1
1068,1, 
1070, ,1
1072,4,2
1073, ,1
1074, ,1
1075, ,1
1076,2, 
1077,1, 
1079,1, 
1079,2, 
1080,6,2
1081, ,1
1082,1,2
1085,1, 
1086, ,1
1087,3, 
1088,2, 
1089,5, 
1091,3, 
1092,3, 
1093,2, 
1094,4, 
1095,3, 
1095,3, 
1096,2, 
1097,9, 
1099,2, 
1100,7, 
1101, ,1
1102,2, 
1103,7, 
1105,7, 
1107,5, 
1110,4, 
1124, ,1
1125,2, 
1126,5, 
1127,2, 
1131,7, 
1132,5, 
1133, ,1
1135,2, 
1136,4, 
1137,6, 
1138, ,1
1139,1,2
1140, ,1
1142,4, 
1144,1, 
1147, ,1
1148, ,1
1150,1, 
1153,2, 
1156,1, 
1157,1,2
1161,4, 
1161,4, 
1162,5,2
1163, ,1
1165, ,1
1166,4, 
1167,2, 
1168,7, 
1170,2, 
1172, ,1
1174, ,1
1176,3, 
1177, ,1
1178,2, 
1179,5, 
1180,4, 
1181, ,1
1183,2, 
1184,1, 
1186, ,1
1187,10, 
1188,8, 
1189,1, 
1190,7, 
1192,1, 
1193,1, 
1194,1,2
1195,4, 
1198,1, 
1200,1, 
1201,3, 
1202,4, 
1203,8, 
1204,5, 
1205,5, 
1206,1, 
1207,6, 
1209,4, 
1211,1, 
1212,1, 
1214,1, 
1215,2, 
1216,3, 
1218,8, 
1219,1, 
1220,2, 
1221,9, 
1225,1, 
1228,4, 
1230,1,2
1231,3, 
1232,2, 
1233,6, 
1234,1, 
1235,2, 
1236,1, 
1237,4, 
1239,2, 
1240,2,2
1242,1,2
1244,5, 
1245, ,1
1246,1,2
1247,3,2
1249, ,1
1250,3, 
1251,1, 
1252, ,1
1253,2,2
1254, ,1
1255,4, 
1256,3, 
1258,6,2
1259,4, 
1260,1,2
1262,3, 
1267,4, 
1268,4, 
1269,8, 
1270, ,1
1271,1, 
1272,1, 
1273,3, 
1275,1, 
1276,4, 
1277,3, 
1278,7, 
1279,2, 
1280,2, 
1281, ,1
1282,7, 
1284, ,1
1286,2, 
1287, ,1
1288,3, 
1289,1, 
1290,6, 
1291,2, 
1293,1,2
1294, ,1
1295,2, 
1296, ,1
1298,2, 
1299,4, 
1300,1, 
1303,1, 
1304,8, 
1305,2,2
1306,6, 
1307,2, 
1308,3, 
1308,3, 
1310,1, 
1311,2, 
1312, ,1
1315,2, 
1317,3, 
1319,1, 
1320,1, 
1321,2,2
1322, ,1
1323,4, 
1327,9, 
1329,8, 
1330,4, 
1331,1, 
1332,2, 
1333,4,2
1334,2,2
1335,5, 
1336,1,2
1337,1, 
1338,3, 
1339, ,1
1342,6, 
1343,3,2
1346, ,1
1347,2, 
1348,3, 
1349,1, 
1351,3, 
1355,2, 
1356,2, 
1357,5, 
1358,7, 
1359,13, 
1360,3,2
1361,1, 
1367,2, 
1369,7, 
1370,1, 
1373,1, 
1374,2, 
1375,4, 
1377,5, 
1378,2, 
1380,6, 
1384,3, 
1386,5, 
1387,8, 
1389,7, 
1391,3, 
1392,7, 
1393,1, 
1395,4, 
1397,1, 
1399,2,2
1400,3, 
1402,5, 
1403,9, 
1404,4, 
1405,3, 
1406,1, 
1408,4, 
1409,4, 
1411,2, 
1412, ,1
1413,1,2
1415,11, 
1417,5, 
1420,7, 
1421,1, 
1421,1, 
1422,3, 
1423,4, 
1424,2, 
1425,5, 
1427,2, 
1429,2, 
1430,7,2
1432,7, 
1435,1, 
1436,5, 
1442,1,2
1443,2, 
1444,8, 
1446,6, 
1449,6, 
1452,12, 
1455,2, 
1456,3, 
1457,3, 
1459,1, 
1460,2, 
1461,1, 
1462,1, 
1463,3, 
1466, ,1
1466,3, 
1469,4, 
1473, ,1
1474, ,1
1475,3, 
1476,4, 
1477,1, 
1478,7, 
1479, ,1
1482, ,1
1483,7, 
1485,3, 
1486,3, 
1487, ,1
1491,1, 
1493,4, 
1494, ,1
1495,2, 
1496,3, 
1500,1, 
1503,8, 
1505,3, 
1506,6, 
1507,9, 
1509,2, 
1515,3, 
1517,4, 
1518,6, 
1519,6, 
1520, ,1
1521,3, 
1522,3, 
1525,2, 
1526,6, 
1527,1, 
1532,12, 
1535, ,1
1536, ,1
1537,1, 
1537,1, 
1538,1,2
1540,1, 
1541,4, 
1542, ,1
1543,3,2
1544,15, 
1546,1, 
1548,13, 
1549,4, 
1550,7, 
1551,5, 
1552,5, 
1553,3, 
1557,8, 
1568,7, 
1570,2,2
1571,2, 
1572,9, 
1573,1, 
1579,1, 
1581,1, 
1584,4, 
1587,2, 
1590,5, 
1591,1, 
1595,4, 
1597,3, 
1598,3, 
1600,3, 
1601,2, 
1603, ,1
1604,5, 
1606,3, 
1607,4, 
1611,6, 
1613,1, 
1617,4, 
1620,3, 
1623,3, 
1626,2, 
1627,4, 
1628,3, 
1629,7, 
1630,4, 
1631,4, 
1633,5, 
1634,1, 
1635,1,2
1636, ,1
1637,2, 
1640,3, 
1641,4, 
1644,2, 
1645,3, 
1649,2,2
1651,2, 
1653,5, 
1654,2, 
1656,1,2
1657,4, 
1661,5, 
1662, ,1
1663,3, 
1664,6, 
1665,2, 
1667, ,1
1668,3, 
1672,15, 
1673,5, 
1675,9, 
1676, ,1
1677, ,1
1678, ,1
1681,4, 
1684,3, 
1685,3, 
1689,5, 
1690,1, 
1692,3, 
1695,3, 
1696,3, 
1698,7, 
1702,12, 
1703,1, 
1704,4, 
1706,1, 
1707,3, 
1708,4, 
1709,2, 
1711,1, 
1712, ,1
1713,4, 
1716,4, 
1718,4, 
1721, ,1
1722, ,1
1724,2, 
1727,2, 
1729,4, 
1731,3, 
1733,6, 
1734,2, 
1735,2, 
1736,4, 
1741,2, 
1742,1, 
1744,2, 
1745,8, 
1748,5, 
1750,4, 
1751,3, 
1752,7, 
1753,4, 
1754,6, 
1755,3,2
1756,1, 
1757,5, 
1758,4, 
1762,7, 
1763,5,2
1764,5, 
1765,1, 
1769,1, 
1772, ,1
1773,4, 
1774, ,1
1775,3, 
1779,4, 
1781,1, 
1782,1, 
1783,2, 
1785,5, 
1786,4, 
1789,2, 
1790, ,1
1792,2, 
1794,2,2
1796,3, 
1797, ,1
1802,3, 
1805,3, 
1807,3, 
1808, ,1
1809,4, 
1811,2, 
1812,2, 
1815,1, 
1816,1,2
1818,5, 
1819, ,1
1822,1, 
1823,2, 
1824,6, 
1827,3, 
1828,1,2
1829,1,2
1836,2, 
1837,9, 
1839,2, 
1841, ,1
1844, ,1
1845,6, 
1847,3, 
1849,8, 
1850,3, 
1852, ,1
1853,5, 
1854,2, 
1855,2, 
1856,5, 
1857,6, 
1860,3, 
1861,5, 
1863,10, 
1864,3, 
1865,1, 
1866,2, 
1867,4, 
1876,4, 
1877,1,2
1879,3, 
1880,5, 
1881,2, 
1887,1, 
1889, ,1
1890,6, 
1891,2, 
1892,6, 
1893,3, 
1894,2, 
1895,6, 
1897,5, 
1899,4, 
1900,3,2
1901,2, 
1902,5, 
1904,7, 
1905,2, 
1907, ,1
1908, ,1
1910,2, 
1913, ,1
1915,7,2
1917, ,1
1918,3, 
1921, ,1
1922,4, 
1923,7, 
1924, ,1
1929,3, 
1930,4, 
1935,3, 
1940,1, 
1942,2, 
1944,2, 
1945,4, 
1946,2, 
1947, ,1
1948,4, 
1950, ,1
1957,9, 
1959,3, 
1962,4, 
1963,1, 
1965,8, 
1966,5, 
1968,10, 
1969,1, 
1971,5, 
1972,6, 
1973,1,2
1974, ,1
1979,1, 
1982, ,1
1983,2, 
1984, ,1
1985,4, 
1986, ,1
1992,4, 
1993, ,1
1994,3, 
1995,3,2
1996,4, 
1997,2, 
1998,1, 
2003,1, 
2004,3, 
2008,5, 
2009,3, 
2011, ,1
2013,3, 
2014, ,1
2016, ,1
2017,6, 
2018,1, 
2020,1,2
2021,2, 
2022, ,1
2023, ,1
2024,1,2
2026,1, 
2027,3, 
2028,5, 
2030, ,1
2031,4, 
2032, ,1
2033,2, 
2035, ,1
2036,3, 
2037,1, 
2038, ,1
2041,3, 
2042,8, 
2044,7, 
2044,7, 
2045, ,1
2047,5, 
2055,3,2
2056,4, 
2057,6, 
2058,5, 
2061,2, 
2062,4, 
2064, ,1
2065,9, 
2067,2, 
2068,1, 
2069,3, 
2070,2, 
2071,4, 
2072, ,1
2078,1, 
2079,1, 
2081,1, 
2082,3, 
2083,6, 
2084,2,2
2085,2, 
2086,4, 
2087,3, 
2088,2, 
2089, ,1
2092,2, 
2094,2, 
2095,2, 
2096,7, 
2097,1, 
2098,2, 
2101,9, 
2104, ,1
2107,2, 
2108,4, 
2109,9, 
2110,1, 
2112,5, 
2113,1, 
2115,5, 
2116,4, 
2119,4, 
2121,3, 
2124,5, 
2125,6, 
2126,5, 
2127,6, 
2128,4, 
2130,6, 
2132,6, 
2133,2, 
2134, ,1
2135,7, 
2137,1, 
2138,2, 
2139,3, 
2142,2, 
2143,7, 
2144,5, 
2145, ,1
2147,5, 
2149,5, 
2150,6, 
2151,2, 
2152,2, 
2154,1, 
2155,2, 
2156,9, 
2157,7, 
2158,3, 
2161,1, 
2162,1, 
2163,4,2
2164,5, 
2165,2, 
2167, ,1
2169, ,1
2170,10, 
2172, ,1
2175,5, 
2178,5, 
2179,1, 
2193, ,1
2196,3,2
2204,1, 
2205, ,1
2210,2, 
2211,2, 
2212,2, 
2214,2, 
2215,3, 
2217,1, 
2218,1, 
2221,4, 
2223, ,1
2225,4, 
2232, ,1
2236,4, 
2238, ,1
2242,1, 
2243,3,2
2249,3, 
2251,4,2
2252,3, 
2253,1, 
2254,3,2
2256,5, 
2257,3, 
2258,1, 
2260,7, 
2263,4, 
2264,5, 
2265, ,1
2266,5, 
2267, ,1
2269,4,2
2270,3,2
2273,2, 
2274,5, 
2275,4, 
2276,1,2
2278, ,1
2280,5, 
2283,1,2
2284,4, 
2286,6, 
2287,2, 
2288,1, 
2289,4, 
2290,3, 
2291,4,2
2297,1, 
2300, ,1
2304,1, 
2307,5, 
2308,4, 
2309,5, 
2310,4, 
2311,5, 
2311,5, 
2312,2, 
2313,4, 
2314,2, 
2319,5, 
2320,7, 
2321, ,1
2324,3,2
2325,3, 
2326,3, 
2327,2, 
2329,1, 
2330,6, 
2331, ,1
2332,4, 
2333,3, 
2337,3, 
2338,2, 
2340,3, 
2345,3, 
2353,1, 
2363, ,1
2368,5,2
2374,7, 
2376,6, 
2378,7, 
2379,1,2
2382, ,1
2383,9, 
2385, ,1
2386,1, 
2387,7, 
2390,9, 
2392, ,1
2393,2, 
2394,4, 
2396,6, 
2397,8, 
2398,3, 
2402,4, 
2403,4, 
2404,1, 
2405,2,2
2406,6,2
2413,1, 
2414, ,1
2416,3, 
2418,4, 
2421,6, 
2423,1,2
2424,2, 
2425,2, 
2427,2, 
2430,2, 
2431,4, 
2432,9, 
2433,5, 
2435,2, 
2436,2, 
2437,3, 
2438,1, 
2444,4, 
2447,7,2
2448,4, 
2449,8, 
2450, ,1
2451,7, 
2453,7, 
2456,1, 
2458,1, 
2463,1, 
2464,4, 
2466,2, 
2469, ,1
2470,2, 
2472,2, 
2474,1, 
2475,1, 
2479,1,2
2505,2, 
2506,2, 
2507,4, 
2507,3, 
2508, ,1
2509,4, 
2510,4, 
2513, ,1
2514, ,1
2515,1,2
2516,1, 
2517,1,2
2518,5, 
2519,5, 
2523,3, 
2524,10, 
2527,1, 
2529,8, 
2530, ,1
2532,5, 
2533,1, 
2534, ,1
2535,3, 
2545, ,1
2547,5, 
2548,5, 
2549,8, 
2550,5, 
2552,9, 
2553,4, 
2554,5, 
2557,2, 
2558,3,2
2560, ,1
2561,5, 
2562,3, 
2563,1, 
2564,7, 
2567,6, 
2569,4,2
2570,2, 
2572, ,1
2575,1, 
2576, ,1
2577,1, 
2580, ,1
2581,2, 
2582,1, 
2585,5, 
2585,4, 
2586,5, 
2590,3, 
2591,1, 
2592,1, 
2593, ,1
2594,2, 
2595, ,1
2596,2,2
2598,2, 
2599,7, 
2601,1, 
2601,5, 
2602,5, 
2604,4, 
2605, ,1
2606,4, 
2607,4, 
2609,1, 
2611, ,1
2612,2, 
2615,2, 
2617,2, 
2620, ,1
2622,3, 
2623,2,2
2625,2, 
2627,2, 
2632, ,1
2633,2, 
2635,3, 
2637,1, 
2639,1, 
2640, ,1
2646,1, 
2648,1,2
2648, ,1
2650,2, 
2652,2, 
2653,4, 
2654,1, 
2655,4, 
2657,1, 
2659,2, 
2660,1, 
2663,4, 
2668,7, 
2669,3, 
2670,3, 
2674,4, 
2676,4, 
2678,3,2
2679,4, 
2680,6, 
2681,4, 
2682,9, 
2683,3, 
2684,1, 
2685,5, 
2687,4, 
2689,3, 
2690,2, 
2693,6, 
2694, ,1
2695,6, 
2696,4, 
2697,1, 
2698,1, 
2700,4, 
2701,3, 
2703,1, 
2705,3, 
2707,5, 
2708, ,1
2709,2, 
2710,4, 
2711,4, 
2713,3, 
2714,5, 
2716,6, 
2717,7, 
2719,2, 
2720,4, 
2721,1, 
2722,5, 
2723,5, 
2725,6, 
2727,5, 
2728,1, 
2729,2, 
2730,1, 
2731, ,1
2732,8, 
2733,10, 
2734,3, 
2735,8, 
2738,2, 
2739,2, 
2741,4, 
2742,4, 
2743, ,1
2744,5, 
2745,1, 
2746,1,2
2748,8, 
2749,5, 
2751, ,1
2753,1, 
2754,9, 
2755,9, 
2757, ,1
2758,2, 
2760,1, 
2762,4, 
2763,2, 
2765, ,1
2767, ,1
2769,4, 
2770,1, 
2775,2,2
2776,3, 
2778, ,1
2780,1,2
2781,3, 
2782, ,1
2784,7, 
2785,2,2
2788,2, 
2790,1, 
2791,3, 
2792,18, 
2793,7, 
2794,2, 
2795,13, 
2796,3, 
2797,2, 
2799,2, 
2801, ,1
2802,9, 
2803,2, 
2805,2, 
2806, ,1
2807, ,1
2810,2,2
2830,3, 
2833, ,1
2835,2,2
2837,6, 
2838,2, 
2839,2, 
2844, ,1
2846,13, 
2848,1, 
2849,2, 
2852,1, 
2854,1, 
2855,6, 
2856, ,1
2857,2, 
2858,3, 
2859,5, 
2861, ,1
2864, ,1
2865, ,1
2866,1, 
2869,8, 
2870,4, 
2871,6, 
2872,1, 
2873,3, 
2874,2, 
2875, ,1
2876,19, 
2878,3, 
2879,1, 
2880,5,2
2883,1, 
2884,6, 
2885, ,1
2886,9, 
2887,4, 
2889,1, 
2890, ,1
2892, ,1
2894,1, 
2895,3, 
2896,1, 
2900,2, 
2901,1, 
2902,3, 
2903, ,1
2904,8, 
2905,3, 
2906,4, 
2907,5, 
2908,2, 
2909,7, 
2910,7, 
2912,4, 
2913,5, 
2914, ,1
2915,4, 
2916,4, 
2917,2, 
2918,4, 
2920,4, 
2921,5, 
2922, ,1
2923,4, 
2925,1, 
2927,2, 
2928,5, 
2929,1, 
2931,1,2
2932,7, 
2933,1, 
2938,1, 
2939, ,1
2940,2, 
2941,2, 
2942,1, 
2943,3, 
2944,2, 
2945,5,2
2946,12, 
2947,5, 
2949,6, 
2949,4, 
2950,4, 
2951,2, 
2952,4, 
2953,2, 
2954,2, 
2955,1, 
2961,2, 
2962,5, 
2963,3, 
2964,8, 
2967,7, 
2968,3, 
2970, ,1
2971,3, 
2977,11, 
2978,3, 
2979,4, 
2980, ,1
2982,5, 
2983,2, 
2984, ,1
2985, ,1
2986,4, 
2988, ,1
2989,4, 
2990,4, 
2991,4, 
2992,3, 
2993, ,1
2994, ,1
2995,2, 
2997,1, 
2999,3, 
3000,1, 
3001,3, 
3002,2,2
3003,1, 
3004,1, 
3005,1, 
3007,5, 
3008,7, 
3009,5, 
3010,3, 
3011,3, 
3012,4, 
3014,1, 
3016, ,1
3017,15, 
3018,1, 
3019,12, 
3021,11, 
3022,3, 
3023,1, 
3024,4, 
3025,2, 
3026,1, 
3027,1, 
3028,2, 
3034, ,1
3037,4, 
3039,11, 
3041,2, 
3043, ,1
3045,3, 
3046,1, 
3048,1, 
3049,11, 
3050,4, 
3051,3, 
3053,2, 
3055,4, 
3057,3, 
3060,4, 
3061,1,2
3062,2, 
3065,1, 
3067,1, 
3069,2, 
3070,5, 
3075,4, 
3076,1, 
3077, ,1
3080,11, 
3082, ,1
3085,1, 
3086,3, 
3087,6, 
3088,2, 
3095,4, 
3097,5, 
3098,6, 
3099,4, 
3100,2, 
3101,4, 
3102, ,1
3103,3, 
3105,1, 
3108,2,2
3110,3, 
3112,1,2
3114,1, 
3115,1, 
3119,3, 
3120,4, 
3129,1,2
3130,2, 
3131,5, 
3131,4, 
3132,2, 
3136,5, 
3137,1, 
3139,3, 
3140,5, 
3141, ,1
3142,3, 
3143,2,2
3144, ,1
3146,2, 
3152,4, 
3153,2, 
3154,1, 
3157, ,1
3160,3, 
3161,1, 
3163,1, 
3163,1, 
3165,1,2
3166, ,1
3167,2, 
3170, ,1
3171,1,2
3173,1,2
3174, ,1
3176,2,2
3181,1, 
3183, ,1
3184,5, 
3185, ,1
3186,5, 
3189,4, 
3190,4, 
3191, ,1
3193,2, 
3195,9, 
3197,1, 
3198,2, 
3200,2, 
3200,2, 
3201,1, 
3202,1, 
3252,1, 
3276,7, 
3281, ,1
3282, ,1
3283,4, 
3285,2, 
3286,4, 
3287,3, 
3288, ,1
3289,9, 
3290, ,1
3294,7, 
3295,1,2
3298,2, 
3299,4,2
3301,1, 
3302,1, 
3304,1, 
3305,5, 
3307, ,1
3308,1, 
3309,4, 
3314,4, 
3315,2, 
3318,2, 
3319,2, 
3321,2, 
3322,5,2
3324,2, 
3329,6,2
3331,1, 
3332,6, 
3333,5, 
3336,2, 
3339,8, 
3340,3, 
3341,1, 
3343,15, 
3347,8, 
3348,2, 
3350,10, 
3351,3,2
3352,1, 
3353, ,1
3354,2, 
3355,5, 
3357,6, 
3359,3, 
3360,7, 
3361,4, 
3362,6, 
3363,3, 
3365,4, 
3369,1, 
3371,6, 
3373,3, 
3374,7, 
3376,2, 
3377,6, 
3378,2, 
3379,1,2
3380,2, 
3383,1, 
3384, ,1
3385,11, 
3386,3, 
3400,3, 
3401, ,1
3403,2, 
3405,1, 
3407, ,1
3408,5, 
3409, ,1
3410,2,2
3411,11, 
3412,15, 
3414,3, 
3423,6, 
3436,3, 
3437,4,2
3438,6, 
3439,6, 
3450, ,1
3451,6, 
3453,1, 
3455, ,1
3458,3, 
3460,8, 
3462,1, 
3463,5,2
3464,9, 
3466,3,2
3467,6,2
3468, ,1
3474,1,2
3476, ,1
3477,2, 
3479,1, 
3480,2,2
3481, ,1
3482,2, 
3483,2,2
3485,1, 
3486,5, 
3487,1, 
3490, ,1
3491,4, 
3495,5,2
3497,4, 
3498, ,1
3500,7, 
3501,4, 
3502,1,2
3504, ,1
3505, ,1
3506,6, 
3507,1, 
3508, ,1
3509, ,1
3511,4, 
3512, ,1
3514, ,1
3516, ,1
3518,4, 
3519, ,1
3520,5, 
3521, ,1
3522,6, 
3524,4, 
3526,3, 
3527,2, 
3528,1,2
3531,4, 
3535,4, 
3536,1,2
3538,7, 
3539, ,1
3540,5, 
3542,5, 
3543, ,1
3551,4, 
3553,5, 
3554,2, 
3555,1, 
3556,3, 
3557,3, 
3558,1, 
3560,7, 
3562,9, 
3564,3, 
3567,3, 
3568,5, 
3569,5, 
3571,6, 
3573,2,2
3575, ,1
3577,1, 
3580,1, 
3581,2, 
3582,2, 
3586,1, 
3587,8, 
3590,6, 
3592,3, 
3596,5, 
3597,2, 
3598,2, 
3600,2, 
3604,6, 
3605,3,2
3606,1, 
3607,10, 
3607,9, 
3611,2, 
3612,3, 
3617,1, 
3618,2, 
3619,4,2
3620,3, 
3622,5, 
3623,5, 
3624,1, 
3626,8, 
3627,3, 
3628,2, 
3629,2, 
3630,1, 
3631,1,2
3633, ,1
3635,2, 
3636,1, 
3637,4, 
3638,4, 
3639,1, 
3640,6, 
3641,6, 
3642,4,2
3643,5, 
3647, ,1
3648,4, 
3649,3, 
3650, ,1
3658, ,1
3659, ,1
3661, ,1
3662,5, 
3665, ,1
3666,4, 
3667,5, 
3669,1, 
3671,9, 
3672,3, 
3673,2, 
3674,2, 
3676, ,1
3677, ,1
3678,2, 
3679,5, 
3681,1, 
3682,6, 
3683,11, 
3684,3, 
3685,2, 
3686,3, 
3687, ,1
3719,7, 
3720, ,1
3721,6, 
3722,3, 
3723,3, 
3724,4, 
3725,5, 
3726,9, 
3727, ,1
3728,11, 
3729,10, 
3733,10, 
3736,3, 
3737,1, 
3738,2, 
3747, ,1
3749,11, 
3760,1, 
3761,1, 
3761,1, 
3762,10, 
3764,1, 
3765,5, 
3766,1,2
3767, ,1
3770,1, 
3771,3, 
3772,5, 
3773,2, 
3774,3, 
3782,1, 
3784,2, 
3785, ,1
3786,1, 
3787,5, 
3788,1, 
3789,1, 
3790,2, 
3791,1, 
3792,2, 
3793,2, 
3794,4, 
3796,3, 
3797,5,2
3800,4, 
3802,2, 
3803,10, 
3804,1,2
3805,1, 
3806, ,1
3808,2, 
3809,4, 
3812,1,2
3818,4, 
3821,4, 
3822,6, 
3823,3, 
3824, ,1
3825,1, 
3828,3, 
3830, ,1
3832,1, 
3833, ,1
3834,1, 
3835,1, 
3836,5, 
3841, ,1
3842,6, 
3843,1,2
3845,1, 
3846,5, 
3847,1, 
3849,8, 
3850,1, 
3851,5, 
3852,7, 
3853,6,2
3854,1, 
3855,2,2
3856, ,1
3857,5, 
3858, ,1
3859,7, 
3860,2, 
3861, ,1
3862,4, 
3863,3, 
3864,1, 
3865,9, 
3866,5, 
3867,11, 
3887,5, 
3888,4, 
3889,3, 
3891,2, 
3892,9, 
3893,3, 
3894,9, 
3897,5, 
3897,4, 
3898, ,1
3900, ,1
3902,3, 
3903,1, 
3905,1, 
3906, ,1
3907,1, 
3908,3, 
3910,3,2
3911,2, 
3912, ,1
3912, ,1
3913, ,1
3914,3, 
3915,10, 
3916,2, 
3917,1, 
3921,2, 
3922,3, 
3923,5, 
3924,7, 
3926,4, 
3927, ,1
3929,5, 
3930,1, 
3931,3, 
3934,4, 
3936,6, 
3938,3, 
3941,1, 
3942,2, 
3944,12, 
3945, ,1
3947,8, 
3949,8, 
3950, ,1
3954,1, 
3955,2, 
3956,4, 
3957,1, 
3958,3, 
3959,1, 
3960,1, 
3961,7, 
3962, ,1
3963,3, 
3964,1, 
3964,4, 
3965,5, 
3966,6, 
3967,7, 
3968,6, 
3969,7, 
3970,4, 
3971,2, 
3972,6, 
3973,2, 
3976, ,1
3977, ,1
3979,4, 
3982,2, 
3983,3, 
3984,4, 
3986, ,1
3987,2, 
3988,2, 
3991,4,2
3994,4, 
3995,2, 
3997,3, 
3997,1, 
4019,9, 
4020,1, 
4021,1, 
4022, ,1
4023,1, 
4024,5, 
4025,2, 
4026,2, 
4027,2, 
4028,5, 
4029, ,1
4030,5, 
4038,3, 
4040,4, 
4041, ,1
4043,4, 
4044,3, 
4047,6, 
4048,4, 
4050, ,1
4051,6, 
4052,2, 
4053,6, 
4056,3, 
4069,8, 
4071, ,1
4072,2, 
4073,2, 
4075,6, 
4077,3, 
4080,4, 
4082,2, 
4085,2, 
4087,5, 
4088,1, 
4090,5, 
4091,2, 
4092,3, 
4093,2, 
4096,3, 
4098,1, 
4099,2, 
4101,4, 
4107,5, 
4108, ,1
4109, ,1
4113,4, 
4114,2, 
4117,1, 
4118, ,1
4121,1, 
4122, ,1
4123, ,1
4124,2, 
4128,3, 
4129,4, 
4130,4, 
4136, ,1
4140,3, 
4141,1, 
4142,2, 
4144,1, 
4145,1, 
4146,1, 
4147,3, 
4148,1, 
4149, ,1
4153,6, 
4154,1, 
4157,1, 
4159,2, 
4168,1, 
4170,3, 
4173,1, 
4174,8, 
4175,1, 
4176, ,1
4179,6, 
4180,5, 
4184,4, 
4185,2,2
4186,9, 
4187,3, 
4188,5, 
4193,1, 
4194,2, 
4195, ,1
4198,6, 
4199,7, 
4200,4, 
4201,4, 
4203, ,1
4205,1,2
4207,7, 
4208,6, 
4209, ,1
4211,4, 
4212,3, 
4213,2, 
4214, ,1
4215,1,2
4216,2, 
4218, ,1
4219,1, 
4224, ,1
4228, ,1
4229,2, 
4233,1, 
4234,4, 
4235, ,1
4237,6, 
4238, ,1
4240,4,2
4241,1, 
4242,7, 
4243,5, 
4245,2, 
4247,2, 
4248,4, 
4249,5, 
4250,6, 
4251, ,1
4252,3, 
4253,3,2
4257,7, 
4259,1, 
4260,1, 
4263, ,1
4264,4, 
4265,3, 
4266,6, 
4267,1, 
4268,2, 
4269,4, 
4270,2, 
4271, ,1
4276,3, 
4277, ,1
4278, ,1
4279,1, 
4282, ,1
4283,9, 
4284,5, 
4285,1,2
4286,15, 
4288,4, 
4291,1, 
4292,3, 
4302,2, 
4303,12, 
4304,1,2
4305,3, 
4306,1, 
4309,5, 
4310, ,1
4311,5, 
4312,3, 
4314,3, 
4315, ,1
4316,3, 
4317, ,1
4327,7, 
4328,3, 
4330, ,1
4331,7, 
4333,5, 
4334,7, 
4342,3, 
4343,5, 
4344,5, 
4345,5, 
4346, ,1
4347,9, 
4348,4, 
4349,6, 
4351, ,1
4352,6, 
4353, ,1
4355, ,1
4357, ,1
4360,3, 
4363,4, 
4365,3, 
4367, ,1
4368,7, 
4371,1, 
4372,1, 
4373,1, 
4376,4, 
4378,2, 
4379,3,2
4381,4, 
4382,7, 
4385,1,2
4415,4, 
4418, ,1
4434,2, 
4436,1, 
4437,4, 
4439,1,2
4442,4, 
4443,2, 
4445,1, 
4446,1, 
4447,4, 
4448, ,1
4457,2, 
4459,9, 
4464,1,2
4465,2,2
4466,5, 
4467,4, 
4469,4, 
4470,2,2
4472,3, 
4480, ,1
4481,5, 
4495,5, 
4496,2, 
4497, ,1
4499,2, 
4500, ,1
4501,6, 
4511,5, 
4512, ,1
4513,1, 
4514,5, 
4516,3, 
4517,7, 
4518, ,1
4519,7, 
4524, ,1
4524,2,2
4527, ,1
4535,3, 
4535,5, 
4536,2, 
4537,1, 
4539,5, 
4540,5, 
4544,6, 
4545,2, 
4546,5,2
4548,10, 
4551,6, 
4552,1, 
4553, ,1
4554,2, 
4555,4, 
4556,2, 
4557,3, 
4558,1, 
4559, ,1
4561,2, 
4562,6, 
4564,1, 
4565, ,1
4567,6, 
4568,5, 
4569,3, 
4572,6, 
4579,4, 
4584, ,1
4585, ,1
4587,6, 
4589,1,2
4590,2, 
4591,3, 
4594, ,1
4960,3, 
4961, ,1
4962,9, 
4964,3, 
4965,2, 
4966, ,1
4967,1, 
4968,4, 
4973, ,1
4977,2, 
4978,4, 
4979,1, 
4980,1, 
4981,2,2
4983,7, 
4984,5, 
4985,4, 
4989,4, 
4990,3,2
4992,1, 
4993,6, 
4994,4,2
4998,7, 
4999,4,2
5001,2, 
5004, ,1
5007,4, 
5009, ,1
5010, ,1
5014,3, 
5015,4,2
5016,1,2
5017,1, 
5018,4,2
5019,7, 
5020,4, 
5021,3, 
5022,4, 
5023, ,1
5026,1, 
5027,2, 
5029,5, 
5031,6, 
5032,5, 
5033,5, 
5034,13, 
5035,7, 
5037,4, 
5039, ,1
5040,3, 
5041,9, 
5042, ,1
5044,5, 
5046,9, 
5047,2, 
5048,3, 
5049,1, 
5054,3, 
5057,1, 
5058,1, 
5059,2,2
5061,4, 
5062,7, 
5062,10, 
5063,2, 
5064,5, 
5065,1, 
5066,1,2
5068,4, 
5069,3, 
5070,3, 
5072,5, 
5073,2, 
5074, ,1
5075,5, 
5076,6, 
5077, ,1
5077, ,1
5078,4, 
5080,5, 
5082,1, 
5087, ,1
5088,1, 
5089, ,1
5090,5, 
5091,9, 
5093,10, 
5094,3, 
5095,1, 
5096,6, 
5097,16, 
5098,4, 
5100,10, 
5102,5, 
5103, ,1
5104,12,2
5110,7, 
5112,1, 
5113,1, 
5118,2, 
5119,4, 
5128,5, 
5131,3, 
5132,3, 
5133,5, 
5134,5, 
5136,7, 
5137,3, 
5139, ,1
5140, ,1
5141,17, 
5143, ,1
5144,8, 
5145,4, 
5147,6, 
5151,1, 
5152,3, 
5153,2, 
5154,2, 
5155,11, 
5159,4, 
5160,2, 
5161, ,1
5164, ,1
5166,6, 
5166,3, 
5167,2, 
5169, ,1
5170,7, 
5171,3, 
5172,2, 
5173,2, 
5174,1, 
5177, ,1
5178,1, 
5237,4, 
5239, ,1
5241,3,2
5243,4, 
5244,5, 
5245,2, 
5246, ,1
5248,3, 
5250,5, 
5252,6, 
5253,5, 
5277,4,2
5278, ,1
5279,2, 
5281,1, 
5282,5, 
5283, ,1
5284, ,1
5286,6, 
5290,4, 
5291,8, 
5292,6, 
5293,1, 
5295,5, 
5296,6, 
5296,9, 
5297, ,1
5299,3, 
5302,2, 
5305, ,1
5307,4, 
5308,7, 
5310, ,1
5311,4, 
5312,2, 
5313,1, 
5317, ,1
5319,6, 
5328,2, 
5329,2, 
5330,1, 
5331, ,1
5333,2, 
5335, ,1
5337, ,1
5339,1,2
5342,2, 
5346,4, 
5348, ,1
5349, ,1
5350,1, 
5351,6, 
5355,4, 
5356,10, 
5357,6, 
5358,3, 
5364, ,1
5365, ,1
5366,1, 
5367,1, 
5368, ,1
5370, ,1
5371,3, 
5373,4, 
5376,5, 
5377,1, 
5378,6, 
5379,1,2
5380,1, 
5382,5, 
5383,2, 
5383,2, 
5384,2, 
5386,5, 
5387,8, 
5391,2, 
5393,4, 
5394,3, 
5395,2, 
5396,2, 
5401,4, 
5403,4, 
5404,1, 
5406, ,1
5407,2, 
5408, ,1
5409, ,1
5411,1, 
5413,2, 
5419,2, 
5421, ,1
5422, ,1
5423,4, 
5424,1, 
5425,3, 
5425,3, 
5426,1, 
5427,5, 
5429,2, 
5430, ,1
5431, ,1
5432,1, 
5433,1, 
5434,2, 
5440,1, 
5442,1, 
5443,3, 
5445,1,2
5448,2, 
5449, ,1
5450,3, 
5454,5, 
5455,1, 
5456,7, 
5457,1, 
5458,1, 
5459, ,1
5460,3, 
5461, ,1
5462,2, 
5463, ,1
5466, ,1
5471,3, 
5472,1, 
5473,2, 
5474,5, 
5475,5,2
5476, ,1
5477,3, 
5479,2, 
5480,4, 
5482, ,1
5483, ,1
5484,3, 
5485,2, 
5486,1, 
5488,8, 
5489,2, 
5491,5, 
5494,2, 
5495,4, 
5496,1, 
5497, ,1
5509, ,1
5510,7, 
5511,4, 
5512,3, 
5514,4, 
5516,6, 
5519,1, 
5520,6, 
5521,4, 
5523,2, 
5525,5, 
5526,1,2
5527,4, 
5528, ,1
5529,2, 
5530,3, 
5531,7, 
5536,6, 
5537,5, 
5538,10, 
5539, ,1
5540,3, 
5542,2, 
5545, ,1
5553,8, 
5555,3, 
5556,1, 
5558,4, 
5559,2, 
5562,5, 
5565,2, 
5566,10, 
5568,4, 
5569,4, 
5570,10, 
5571,4, 
5575,7, 
5576,5, 
5579,1, 
5582,8, 
5585,3, 
5588,1, 
5591,10, 
5592, ,1
5593,4, 
5595,3, 
5599, ,1
5600,6, 
5602,4, 
5602,4, 
5603,1,2
5605,9, 
5606,2, 
5609,6, 
5610,5, 
5611,4,2
5613,5, 
5614,8, 
5617,11, 
5618,1, 
5618,2, 
5619,5, 
5620,1, 
5621,8, 
5622, ,1
5624,3, 
5624,3, 
5626,5,2
5628, ,1
5629,6, 
5630,4,2
5631,2, 
5632,6, 
5633,5, 
5636,6, 
5637,13, 
5640,5, 
5641,1, 
5642,3,2
5645,2, 
5646,3, 
5647,10, 
5648,5, 
5651,3, 
5653,4, 
5654,3,2
5655,6, 
5657,4, 
5658,1, 
5659,7, 
5659,7, 
5662,5, 
5663,1, 
5664,1, 
5678,4, 
5679,4, 
5707,3, 
5708,2, 
5710,1, 
5711,6, 
5713,6, 
5716, ,1
5717,3, 
5718,2, 
5719,2, 
5720,1, 
5720,1, 
5722, ,1
5726,5, 
5728,5, 
5729,2, 
5730, ,1
5731,3, 
5734,4, 
5734,4, 
5736,7, 
5737, ,1
5739,1,2
5741,1,2
5742,3, 
5744,4, 
5745,1, 
5746,1, 
5750,2, 
5750,2, 
5751,4, 
5752,2, 
5753, ,1
5754,2, 
5757,10, 
5759,2, 
5761,6, 
5762,2, 
5763,1,2
5764,5, 
5765,1, 
5767,1, 
5769,11, 
5771,1, 
5772,3, 
5774, ,1
5776,2, 
5778,3, 
5780,2, 
5781,1, 
5783, ,1
5784, ,1
5788,1,2
5797,1, 
5798,1, 
5799,1,2
5800,11, 
5800,14, 
5802,4,2
5806,5, 
5807,3,2
5808,7, 
5809,7, 
5810,5, 
5811, ,1
5812,4, 
5814,4, 
5816,2, 
5817, ,1
5819,3, 
5820,1, 
5823,10, 
5824, ,1
5826,3, 
5829, ,1
5837,5,2
5838,2, 
5839,2, 
5841,1,2
5843,2, 
5845, ,1
5847,2, 
5849, ,1
5852,4,2
5853, ,1
5854, ,1
5855,5, 
5857,5,2
5858,2, 
5859,3, 
5860,3, 
5861,5,2
5862,5,2
5864,4, 
5866,1, 
5868,4, 
5872,7, 
5873, ,1
5874,4, 
5875,4,2
5876,6, 
5877,8, 
5878,9, 
5879, ,1
5880,7, 
5881,2, 
5882,3, 
5883,5, 
5885,7, 
5891,4, 
5893,6, 
5897,5, 
5898,3, 
5899,1, 
5900,2, 
5903,2, 
5904,7, 
5913, ,1
5914,1,2
5916, ,1
5922, ,1
5927,4, 
5929,2,2
5930,1, 
5931,2,2
5933, ,1
5935,1, 
5937,4, 
5939,4, 
5940, ,1
5942,5, 
5943, ,1
5944,6, 
5945,3, 
5948, ,1
5949,5, 
5950,4, 
5951,6, 
5952, ,1
5954,1, 
5955,4,2
5956,4, 
5958,4, 
5959,2, 
5960,2, 
5961,5, 
5964,7, 
5965,2, 
5968,3, 
5970,5, 
5977,7, 
5981,4, 
5982,4, 
5984,5, 
5985,2, 
5986, ,1
5987,1, 
5990, ,1
5991, ,1
5992,3, 
5993,1, 
5996,3, 
5997,4, 
5998,2,2
6000,1,2
6001,4, 
6002, ,1
6014,1, 
6015, ,1
6017,5, 
6018,2, 
6019,1, 
6020,6, 
6026, ,1
6028,2, 
6029,6, 
6032,6, 
6034,1, 
6038,1, 
6040,3,2
6041,2, 
6043,2, 
6045,6, 
6046,4, 
6047, ,1
6048,2, 
6049,2,2
6050,6, 
6052,3, 
6056,6, 
6057,1, 
6058, ,1
6059,4, 
6060,4, 
6061,4, 
6062,2, 
6063,4, 
6064,2, 
6066,1, 
6067,7, 
6069,5, 
6070,4,2
6072,5, 
6073,3, 
6074,7, 
6075,2, 
6076,2, 
6077,2, 
6088,1, 
6091, ,1
6092,1,2
6093,7, 
6095,2, 
6097,3, 
6107,1, 
6108,1, 
6109,4, 
6110,1,2
6112,4, 
6118,4, 
6125, ,1
6126, ,1
6127,2, 
6131,3, 
6132,1, 
6143,2, 
6146,5, 
6147,4, 
6148,1, 
6149,3,2
6151,1,2
6152,3, 
6153,1, 
6154,1, 
6155,1, 
6161,9, 
6164,2,2
6166,4, 
6168, ,1
6170,3, 
6171, ,1
6173,3, 
6174,6, 
6175, ,1
6176,3, 
6179,4, 
6180,6, 
6182, ,1
6183,2, 
6185,4, 
6186,4, 
6187,2, 
6188,2, 
6191,1, 
6192,2, 
6195,4, 
6197,1,2
6198,3, 
6199,4, 
6202,11, 
6203, ,1
6204,5, 
6206,3, 
6208,7, 
6211, ,1
6212, ,1
6214,3, 
6215,1, 
6217,1, 
6219, ,1
6220,3, 
6221,5, 
6222,2, 
6224,4, 
6225,3, 
6226,9, 
6227,3, 
6231,1, 
6232,1, 
6233,8, 
6234,2,2
6235,5, 
6239,3, 
6240,1, 
6241,9, 
6242,3, 
6244,2, 
6246,3, 
6247,6, 
6248,6, 
6251,2,2
6252,9, 
6253,5, 
6254,5, 
6262,5,2
6263,5, 
6377,3, 
6378, ,1
6380,1, 
6383,3, 
6384,1, 
6385, ,1
6386,2, 
6387,1, 
6389,2, 
6390,2, 
6391,2, 
6392,3, 
6393,4, 
6394,2, 
6399,5, 
6400,6, 
6401,3, 
6402,5, 
6405,2, 
6407,1, 
6409,3, 
6412,4, 
6413,4, 
6414,6, 
6415, ,1
6416,3, 
6417,9, 
6420,3, 
6422,6, 
6425,5, 
6426,1, 
6428, ,1
6430,1, 
6432, ,1
6434, ,1
6436,2, 
6437,1, 
6440,5, 
6441,3, 
6442, ,1
6443,11, 
6444,1, 
6445,3, 
6446,3, 
6447,3, 
6448,2,2
6450,2, 
6451,4, 
6453,6, 
6454,2,2
6455, ,1
6457,3, 
6461,5, 
6462,3, 
6463,2, 
6464,7, 
6465, ,1
6467, ,1
6468,1, 
6469,3, 
6470,1, 
6471,4, 
6472,7, 
6474, ,1
6476,7, 
6477, ,1
6478, ,1
6479, ,1
6482,6, 
6483,7, 
6484,5, 
6485,3, 
6487,2, 
6489,1, 
6494, ,1
6495,2, 
6497,1, 
6587,2, 
6588,3, 
6589,1, 
6591,2, 
6592,3, 
6593,2, 
6594,1, 
6596,7, 
6597,1, 
6600, ,1
6601,1, 
6602,1, 
6603,3, 
6604,3, 
6606,2, 
6607, ,1
6610,5, 
6611,2, 
6612,6, 
6613, ,1
6614,1, 
6615,4, 
6617,4,2
6618, ,1
6619,3, 
6620,4, 
6621,2, 
6622,2, 
6623,4, 
6624,1, 
6626,1, 
6627,11, 
6628,1, 
6629,6, 
6630,4, 
6631,3, 
6632,1, 
6633,10, 
6634,5, 
6635,2, 
6636,1, 
6637,5, 
6639, ,1
6640,6, 
6641,2, 
6642,2,2
6643,1, 
6644,3, 
6646,3, 
6647,1, 
6648, ,1
6650,1,2
6651,1, 
6652,3, 
6653,1, 
6654,1, 
6656,4,2
6657,2, 
6658, ,1
6659, ,1
6660,1, 
6662,5, 
6664,1, 
6665,1, 
6666,2,2
6667, ,1
6668,2, 
6670, ,1
6671,7, 
6673,6, 
6676,1, 
6679,1, 
6679,3, 
6681,4, 
6682,7,2
6682,7, 
6683,2, 
6685, ,1
6687,3, 
6688,4, 
6689,2, 
6690,4, 
6691,3, 
6693,7, 
6694, ,1
6695,3, 
6696,1, 
6700,6, 
6702,4, 
6703,1, 
6704,5, 
6705,5, 
6706,2, 
6707,3, 
6710,4,2
6712,2, 
6716,5, 
6717,4, 
6719,1, 
6720,4, 
6721,4, 
6722,4, 
6725,3, 
6728, ,1
6729,2, 
6731,1, 
6732, ,1
6735,4, 
6736, ,1
6737,3, 
6738,1, 
6739,6, 
6741,3, 
6742,2, 
6746,4, 
6747,1, 
6748,1, 
6757,4, 
6759,9, 
6763,4, 
6764,6, 
6772,2, 
6781,4, 
6782,4, 
6783, ,1
6784,6, 
6785,7, 
6787,5, 
6788, ,1
6790, ,1
6791,1, 
6792,4, 
6793, ,1
6794,6, 
6795, ,1
6797,7, 
6799,4, 
6800, ,1
6801,5, 
6802,4, 
6803,5,2
6804, ,1
6805,3, 
6806,8, 
6807,3, 
6808, ,1
6809,6,2
6810,9, 
6811,2, 
6812,2, 
6813,5, 
6816,4, 
6817,2, 
6818,1, 
6819, ,1
6820,6, 
6821,5, 
6822,3, 
6823, ,1
6824,1, 
6825,16, 
6827,4, 
6828,5, 
6829,8, 
6831,1,2
6833,4, 
6834,4, 
6835,3, 
6836, ,1
6839,5, 
6840, ,1
6843,3, 
6844,1, 
6845,1, 
6846,10, 
6847,4, 
6848,3, 
6850,5, 
6852,4, 
6853,1,2
6854,2, 
6858, ,1
6859, ,1
6860,3, 
6861,5, 
6864,2, 
6865,6, 
6867,3, 
6870,2, 
6871,1, 
6872, ,1
6873, ,1
6874,5, 
6880,4, 
6884, ,1
6885,4, 
6889,2, 
6891,4, 
6898, ,1
6899,2, 
6900,1, 
6901,3, 
6903,1,2
6904,1, 
6905,3,2
6906,4, 
6907, ,1
6908,2, 
6911,4, 
6912,1, 
6913,1, 
6914,1, 
6915, ,1
6916,4, 
6918,3, 
6919,3, 
6923,7, 
6924,1, 
6925,1, 
6926,2, 
6927, ,1
6928,10, 
6929, ,1
6931, ,1
6932,2, 
6933,2, 
6935, ,1
6939,1,2
6941,7, 
6944, ,1
6945,2, 
6947, ,1
6949,3, 
6952,1,2
6954, ,1
6955, ,1
6959,5, 
6963,2, 
6964,7, 
6965,1, 
6967,8, 
6967,8, 
6968, ,1
6969,7, 
6970,1, 
6972,2, 
6973,3, 
6975,2, 
6976,1,2
6977, ,1
6980,3, 
6982,1, 
6984,2, 
6985,4, 
6986,12, 
6987,13, 
6989,6, 
6991,3, 
6992,5, 
6993,9, 
6994,2,2
6995,4, 
6996,2, 
6997,2, 
6998,3, 
6999, ,1
7001, ,1
7002,2, 
7003,6, 
7005,3, 
7006, ,1
7008,6, 
7009,6, 
7012,2,2
7013,3, 
7014, ,1
7017, ,1
7020,2, 
7021, ,1
7022,3,2
7023,6, 
7025, ,1
7026,3, 
7028, ,1
7030,4,2
7031,2, 
7034, ,1
7035,3, 
7036,7, 
7037,6, 
7037,6, 
7038,2, 
7048, ,1
7049, ,1
7068,3, 
7069, ,1
7071,1, 
7072,2, 
7073, ,1
7074,3,2
7075,2, 
7076, ,1
7077,1, 
7078,11, 
7080,5, 
7087, ,1
7088,2,2
7090,1, 
7091,2, 
7092,2, 
7093,4, 
7094,2, 
7095, ,1
7096,10, 
7097, ,1
7098,5,2
7099,5, 
7099,5, 
7100,1, 
7101,3, 
7102,4, 
7112, ,1
7113,4, 
7114,6, 
7116,1, 
7117,2, 
7118,4, 
7119, ,1
7120,3, 
7122,1,2
7126,1, 
7259,4, 
7261,3, 
7262,1, 
7263,4, 
7264,6, 
7265,7, 
7278,1, 
7282,2, 
7283,3, 
7284,4,2
7286,10, 
7287,10, 
7288,3, 
7291,4, 
7298,4, 
7300,8, 
7301,7, 
7302, ,1
7303,7, 
7304,5, 
7305,3, 
7306,1,2
7307,1, 
7309,5, 
7310,6, 
7311,1,2
7314,4, 
7315,6, 
7316,6, 
7317,1, 
7318,8, 
7319, ,1
7320,2, 
7321,12, 
7323,4, 
7324,3, 
7326,3, 
7327,6, 
7329,3, 
7330,3, 
7331,3,2
7332,3, 
7334,4, 
7335,4, 
7347, ,1
7348,2, 
7349,3, 
7350,1, 
7352, ,1
7354,4, 
7357,4, 
7359,1, 
7360, ,1
7361,5, 
7363,1, 
7364,5, 
7365,5, 
7367,2, 
7368,4,2
7370,5, 
7371,5, 
7375,1, 
7384,7, 
7385, ,1
7387,1, 
7389, ,1
7393,8, 
7394,1, 
7397,4, 
7399,2, 
7401,3, 
7402,1, 
7403,2, 
7405,3, 
7408,1, 
7409,1, 
7410,2, 
7410,2, 
7414,3,2
7415,1, 
7416,4, 
7418,2, 
7419,2, 
7420,1, 
7421,2, 
7422,1, 
7423, ,1
7424, ,1
7427,5, 
7428,4, 
7429,1, 
7431,1, 
7433, ,1
7434,2, 
7435,1, 
7438,2, 
7456,4, 
7457,2, 
7458, ,1
7459,2, 
7460, ,1
7461, ,1
7466,1, 
7467, ,1
7467, ,1
7468, ,1
7469,1, 
7470,3, 
7470,1, 
7471,7, 
7472,2,2
7473,5, 
7474,1, 
7475,3, 
7477,5, 
7478, ,1
7483,7, 
7487, ,1
7488,2,2
7489,3, 
7492,3, 
7493,10, 
7494,3, 
7499, ,1
7500,1, 
7501,7, 
7502,3, 
7503,2, 
7505,1,2
7506,2, 
7510,1, 
7512,3, 
7513, ,1
7514,5, 
7516,3, 
7517,9, 
7518,2, 
7519,1,2
7520,6, 
7522,8, 
7523,3, 
7525,6, 
7528,3, 
7529,1, 
7530,6,2
7531,2, 
7540,6, 
7689,3, 
7694, ,1
7695, ,1
7696,2,2
7697,3, 
7702,4, 
7703,1, 
7705,3, 
7709,3, 
7711,4,2
7713,5, 
7714,4, 
7716,2, 
7717,2, 
7718,9, 
7720,1, 
7721,4,2
7725, ,1
7727,4, 
7730,3,2
7732,3, 
7733,5, 
7734,2, 
7735,5, 
7736,1, 
7738,4, 
7739,2, 
7742,4, 
7745,4,2
7746,4, 
7748,1, 
7749, ,1
7750, ,1
7751,9, 
7752,1,2
7753,1, 
7755, ,1
7757,4, 
7758,4, 
7759,6, 
7761,1, 
7762,5, 
7763,2, 
7764,3, 
7766,5, 
7767,6, 
7768,1, 
7769, ,1
7772,1, 
7776,1, 
7778,2, 
7781,7, 
7782,4, 
7784,5, 
7785,6, 
7789,3, 
7790, ,1
7791,10, 
7792,3, 
7793,1,2
7794, ,1
7795,2, 
7796,7, 
7797,4, 
7799,4,2
7801,3, 
7802,1, 
7804,2, 
7805,2,2
7807,4, 
7808,1, 
7809,1,2
7810,1, 
7811, ,1
7815,1, 
7816,7, 
7818, ,1
7821,2,2
7823,1, 
7824,2, 
7825,2, 
7831,1, 
7832,4, 
7833,2, 
7834,1, 
7835,2, 
7836,1, 
7837,3, 
7839,3, 
7841,1, 
7842,6, 
7843,4, 
7844, ,1
7846,4, 
7847, ,1
7848,3, 
7849,1, 
7850, ,1
7865,5, 
7866,8, 
7868,7, 
7869,1, 
7870, ,1
7872,6, 
7873,4, 
7874, ,1
7876,1, 
7877,1, 
7878,5, 
7879,1,2
7880, ,1
7881,2, 
7884, ,1
7885,2, 
7886, ,1
7887,3, 
7888,3, 
7890,1, 
7891,3, 
7894,8,2
7895,2, 
7896,2, 
7897,3, 
7898,3,2
7899,3,2
7900,4, 
7901,7, 
7903,1,2
7904,4, 
7907, ,1
7908,7, 
7909,4, 
7910,5, 
7911,6, 
7914,4, 
7915,3, 
7916,4, 
7917,3, 
7919,5, 
7920,5, 
7921, ,1
7923,3, 
7925,1, 
7926,3, 
7927,5,2
7928,3, 
7930, ,1
7931,1,2
7932,1, 
7935, ,1
7936, ,1
7939,5, 
7940,1, 
7941,6, 
7942,5, 
7943,5, 
7945,5, 
7946,3, 
7948,2, 
7949,1, 
7950,5, 
7952,1, 
7953,6, 
7954, ,1
7956,2, 
7964,3, 
7968,11, 
7969,5, 
7970,2, 
7979,2, 
7980,7, 
7981,5, 
7983,7, 
7987,4, 
7989,7, 
7990,1,2
7991, ,1
7992,1, 
7994,3,2
7995,2, 
7997,5, 
8002,1, 
8003,6, 
8005, ,1
8006,1, 
8007,3, 
8009,3,2
8011,3, 
8012,1, 
8013,4, 
8015, ,1
8016, ,1
8017,6, 
8018,7, 
8019,5, 
8020,5, 
8024,4, 
8027,2, 
8028,3, 
8030,4, 
8032,4, 
8033,2,2
8034,1,2
8036,9, 
8038, ,1
8039,8, 
8040,1,2
8043,2, 
8044,4, 
8047,7, 
8049, ,1
8049,2,2
8050,5, 
8052,3, 
8053,5, 
8055,7, 
8056,5, 
8057,1, 
8058, ,1
8060, ,1
8062, ,1
8063,7, 
8064, ,1
8065,6, 
8067,7, 
8070,1, 
8071,3, 
8074, ,1
8079,1, 
8080,9, 
8083,5, 
8086, ,1
8087, ,1
8088,1, 
8089,1, 
8090, ,1
8091,2, 
8092,2,2
8092,2,2
8094,8, 
8095, ,1
8096, ,1
8097,4, 
8098,5, 
8102,3,2
8104, ,1
8105, ,1
8106,1, 
8108,4, 
8109,1,2
8110,17, 
8111,4, 
8112,2, 
8114,4, 
8115,4, 
8116,7, 
8117,1,2
8118,5, 
8119,11, 
8120,9, 
8121,1, 
8122, ,1
8132,2, 
8134,2, 
8135,5, 
8136,6, 
8138,2, 
8139,8, 
8141,6, 
8149,4, 
8150, ,1
8151,2, 
8152, ,1
8153, ,1
8154,7, 
8155,2,2
8156,2, 
8157,5, 
8159,6, 
8160,4, 
8162,4, 
8169,1, 
8170,3,2
8171,1, 
8172,4, 
8180, ,1
8181,11, 
8183,5, 
8184,3, 
8185,5, 
8186,10, 
8187,3, 
8187,3, 
8188,3,2
8189,8, 
8191,5, 
8193,4, 
8195, ,1
8196,2, 
8197,1, 
8199,4, 
8200,7, 
8201, ,1
8202,6, 
8203,3, 
8207,4, 
8211,6, 
8212,7, 
8215,1, 
8216,4, 
8217, ,1
8218, ,1
8220,2, 
8221,9, 
8223,8, 
8224,1, 
8225,8, 
8229,2, 
8232, ,1
8233,2, 
8235,4, 
8236, ,1
8238,5, 
8240,9, 
8241,1, 
8242,2,2
8243,4, 
8244,1, 
8247,2, 
8249,1,2
8250, ,1
8251,2, 
8253, ,1
8256,2, 
8257,1, 
8258,3, 
8259,1, 
8262,2, 
8264,6, 
8266,6, 
8270,1, 
8270,1, 
8271,8, 
8273, ,1
8276, ,1
8279,2, 
8281,1, 
8282,3, 
8283,10, 
8287,3, 
8288,1, 
8289,5, 
8290,3, 
8292, ,1
8293,2, 
8294,1, 
8295, ,1
8296,8, 
8297,3, 
8298,2, 
8300,5, 
8302,1, 
8303, ,1
8305,1, 
8306,12, 
8308, ,1
8309,4,2
8310,2, 
8311,2, 
8312,4, 
8313, ,1
8316,2, 
8317,7, 
8318,6, 
8319,2,2
8320,3, 
8322,2, 
8324, ,1
8326,9, 
8327,2, 
8329,4, 
8331,1, 
8333,1, 
8338,3, 
8340,2, 
8341,1, 
8357,5, 
8358,7, 
8360,1, 
8361,2,2
8362,6, 
8363,5, 
8364,4, 
8365,6, 
8366, ,1
8392,3, 
8393,2, 
8394, ,1
8395,3,2
8396,7, 
8398,3, 
8400,3, 
8402,5, 
8403,3, 
8404,7, 
8405,4, 
8406,4, 
8407,4, 
8408,1, 
8409,4, 
8411,1, 
8412,5, 
8413,3, 
8414,3, 
8416,3, 
8417,4, 
8420,3, 
8421,5, 
8424,5, 
8427,5, 
8428,6, 
8430, ,1
8432,2, 
8434,2, 
8435,1, 
8436, ,1
8437,1,2
8438, ,1
8441,2, 
8444, ,1
8445,2, 
8447,1, 
8448, ,1
8449,1,2
8450,1, 
8452,6, 
8455,2, 
8456,3, 
8458,6, 
8459, ,1
8460,4, 
8463,3, 
8463,3, 
8464,2, 
8465,2, 
8466,4,2
8467,1,2
8469,1, 
8470,3, 
8471,1,2
8472,6, 
8473,3, 
8476, ,1
8481, ,1
8482,4, 
8483,6, 
8484,4, 
8485,5, 
8489,2, 
8492,4, 
8493, ,1
8496,1, 
8500, ,1
8501,2, 
8502,1, 
8504, ,1
8506,5, 
8507,5, 
8510,1, 
8512,3, 
8514,1,2
8516,3,2
8517,3, 
8521,1, 
8522,1, 
8524,3, 
8526,4, 
8528, ,1
8529,1, 
8530,1, 
8532, ,1
8534, ,1
8535,1,2
8536,4, 
8537,4, 
8541,1, 
8542, ,1
8544,8, 
8545,5,2
8546,7, 
8548,5, 
8549,3, 
8550, ,1
8551,3, 
8552,6, 
8554,6, 
8556,1,2
8557,2, 
8559,2, 
8560,2, 
8567,1, 
8568,5, 
8569,2, 
8571,6, 
8573,2, 
8576,9, 
8577,10, 
8581, ,1
8583,2, 
8586,5, 
8588,2, 
8589, ,1
8590,6, 
8591,11, 
8596,2, 
8597,1, 
8599,8, 
8600,3, 
8601,2, 
8602,9, 
8603,9,2
8605,5, 
8606,8, 
8607,1, 
8610,2, 
8611,5, 
8620,2, 
8623,2, 
8624,2, 
8625,1, 
8626,4, 
8627,1, 
8628,1,2
8629,5, 
8631,5,2
8632, ,1
8634,3, 
8635, ,1
8636,4, 
8638,1, 
8640,1, 
8643,3, 
8644,5, 
8646,12, 
8647,4, 
8647,4, 
8649,1, 
8652,10, 
8655,12, 
8656,7, 
8657, ,1
8658,11, 
8660, ,1
8661,9, 
8664, ,1
8666,10, 
8667, ,1
8668,2, 
8670,4, 
8671, ,1
8672,3, 
8673,8, 
8675,3, 
8676,4, 
8678,3, 
8679,7, 
8680, ,1
8681,1, 
8682,9, 
8683,10, 
8684,5, 
8686,2, 
8687,4, 
8694,6, 
8698,2, 
8699,2, 
8700,1, 
8703,6, 
8704,3, 
8705,3, 
8708,4, 
8710,3, 
8711,6, 
8712,4, 
8713,1, 
8714,4, 
8715, ,1
8717,5, 
8719,1, 
8720,1, 
8722,3, 
8724,5, 
8731,2, 
8735,5, 
8736,1, 
8737,4, 
8739,1, 
8742,3, 
8745,1, 
8748,1, 
8750,2, 
8752,1,2
8753,5, 
8757,3, 
8759,3, 
8760,5, 
8762,2, 
8764,1, 
8765,2, 
8766,1, 
8769,5, 
8771,5, 
8772,2, 
8774,6, 
8776,4, 
8780,1, 
8783,5, 
8787, ,1
8790,4, 
8791,7, 
8794,1, 
8795,1, 
8796,3, 
8797,2, 
8798,3, 
8799,5, 
8800,3, 
8802,5, 
8803,3, 
8808, ,1
8809, ,1
8811,3, 
8816,2, 
8821,4, 
8824,6, 
8827, ,1
8829,1,2
8831,4, 
8833,2, 
8836,6, 
8837,7, 
8841, ,1
8843,3, 
8844,1,2
8847,1, 
8848,3, 
8850, ,1
8851, ,1
8856,4, 
8857, ,1
8858,1, 
8860, ,1
8862,4, 
8865,4, 
8866,5, 
8867,5, 
8869,3, 
8870,7, 
8871,2,2
8873,6, 
8874,3, 
8875,4, 
8878,11, 
8879,1, 
8881,4, 
8882,3, 
8884,19, 
8885, ,1
8888,7, 
8889,8, 
8890, ,1
8895,8, 
8898, ,1
8899,4, 
8901,12, 
8902,5, 
8903,4, 
8904,3, 
8905,3, 
8906, ,1
8908,4, 
8913,3, 
8914, ,1
8915,2, 
8916, ,1
8920,4,2
8921,6, 
8922,4, 
8942,3, 
8943,5, 
8947,3, 
8948,9, 
8949,7, 
8950,1, 
8953,3, 
8954,1, 
8955, ,1
8957,5, 
8958,3,2
8959, ,1
8960, ,1
8961,8, 
8963,4, 
8965, ,1
8966,5, 
8969,1, 
8970,9, 
8971, ,1
8973,1, 
8974,4, 
8977,1, 
8978,2, 
8980,3, 
8982,8, 
8983,5, 
8984,6, 
8990, ,1
8992,1, 
8993,4,2
8995,5, 
9247, ,1
9249,2, 
9250,7, 
9251,7, 
9252,9, 
9254,4, 
9257,1, 
9258,6, 
9262,6, 
9263, ,1
9264,2, 
9266,2, 
9267, ,1
9268, ,1
9269,1, 
9274,8, 
9275,3,2
9276,4,2
9279,4,2
9280,3, 
9281, ,1
9282,7, 
9283, ,1
9284,1, 
9285,1, 
9289, ,1
9290, ,1
9291, ,1
9292,4, 
9293,1,2
9296, ,1
9297,1, 
9298,5, 
9299, ,1
9300, ,1
9306, ,1
9311, ,1
9312,2, 
9313,9, 
9314,4, 
9316,4, 
9317,6, 
9320,8, 
9320,9, 
9321,1, 
9322,4, 
9323,8, 
9324, ,1
9326,4,2
9328,13, 
9329,3, 
9330,3, 
9333,4, 
9334,1, 
9335,4, 
9336,5, 
9337,1,2
9341,3, 
9342,2, 
9343,3, 
9345,4, 
9346,3, 
9347,2, 
9349,2, 
9350,2, 
9352,2,2
9353,2, 
9355,10, 
9356, ,1
9358,1, 
9359,3, 
9361,3, 
9362,8, 
9364,4, 
9366,6, 
9367,9, 
9368,5, 
9369, ,1
9371,3, 
9372,3, 
9373, ,1
9374,1, 
9375,2, 
9376,3, 
9377,6, 
9380,13, 
9381,1, 
9385,15, 
9386,7, 
9388,13, 
9390,1, 
9391,6, 
9391,6, 
9392,3, 
9393, ,1
9394,2, 
9395,2, 
9396,10, 
9397,3, 
9398,8, 
9399, ,1
9400,4, 
9402,3, 
9403,4, 
9404,5, 
9407,5, 
9408, ,1
9409, ,1
9410,8, 
9411,2, 
9415,2, 
9417,7, 
9418,6, 
9419,3, 
9425,2, 
9426,4, 
9427,2, 
9428,3, 
9432,13, 
9433,4, 
9434,8, 
9435,6, 
9436,6, 
9437,7, 
9438,3, 
9440,4, 
9441,2, 
9442,2, 
9442,2, 
9443,4, 
9445,5, 
9446,11, 
9447,2, 
9448,1, 
9449, ,1
9450,1, 
9451,5, 
9453,6, 
9455,7, 
9456,3, 
9458,1, 
9460, ,1
9461,4, 
9462,3, 
9463,3, 
9464,4, 
9465,3, 
9466,6, 
9467, ,1
9467, ,1
9469,4, 
9470,3, 
9472, ,1
9473,7, 
9475,4, 
9476,9, 
9478,6, 
9479,2, 
9481,1, 
9482,1, 
9483, ,1
9488,1, 
9489, ,1
9491,5, 
9492, ,1
9494,3, 
9496,4, 
9498,3, 
9499,4, 
9499,4, 
9500,2, 
9502,4, 
9503,5, 
9504,2, 
9505,3, 
9506, ,1
9507,3, 
9508,9, 
9509,4, 
9512,1,2
9513,3, 
9516,7, 
9517,3, 
9518,2, 
9520,2, 
9520,2, 
9521,1, 
9522,6, 
9523,3, 
9526,1, 
9528,3, 
9529,2, 
9530,2,2
9535,3, 
9538,7, 
9539,1, 
9540,1,2
9541,2, 
9542,4, 
9543, ,1
9553,4, 
9555,1, 
9556,3, 
9557,12, 
9558,1, 
9558,1, 
9562,3, 
9564,3, 
9566,6, 
9569,4, 
9570, ,1
9572,1, 
9573,3, 
9574, ,1
9575,3, 
9577,3, 
9578,2, 
9589,5, 
9590,4, 
9593,3, 
9594,2, 
9595,1,2
9597, ,1
9598,3, 
9599,3, 
9601,3, 
9602,1, 
9604,6, 
9605,9, 
9606,1, 
9608,1, 
9609,4, 
9611,5, 
9629,9, 
9631,2, 
9632,1, 
9633,2, 
9635,9, 
9636,3, 
9637,4, 
9638, ,1
9639,5, 
9639,5, 
9642,1, 
9644,2, 
9645, ,1
9647, ,1
9652, ,1
9652,1,2
9653,10, 
9654,9, 
9656,6, 
9658,4, 
9660,5, 
9661, ,1
9662, ,1
9664,6, 
9665,6, 
9667,3, 
9668,3, 
9670,9, 
9671, ,1
9672,2, 
9673, ,1
9674,3, 
9675,7, 
9677,11, 
9678,5, 
9679, ,1
9681, ,1
9684,2,2
9685,1, 
9686,7, 
9688,4, 
9689,1, 
9692,5, 
9693,1, 
9694,3, 
9696,1, 
9697, ,1
9698, ,1
9699,8, 
9700,8, 
9701,1, 
9703,6, 
9704,6, 
9706,5, 
9707,3, 
9708,1, 
9709,5, 
9711,3, 
9712, ,1
9713,4, 
9717,2, 
9718,2, 
9719,2, 
9721,5, 
9722,6, 
9723, ,1
9732, ,1
9733,6, 
9735,7, 
9738,8, 
9741,2,2
9744,5, 
9745,1, 
9746,2, 
9747,4, 
9748, ,1
9750, ,1
9753,6, 
9754,2, 
9755, ,1
9756,5, 
9760,2, 
9761,1, 
9763,1, 
9764,6, 
9767, ,1
9768,4, 
9770,4, 
9771,1, 
9772,6, 
9773, ,1
9774,3, 
9775,1, 
9777,6, 
9778,6, 
9779,3, 
9780,5, 
9782,4,2
9783,5, 
9784,2, 
9785, ,1
9786,2,2
9787,2, 
9789, ,1
9790,7, 
9791,8, 
9792,1, 
9794,6, 
9795,2, 
9810,4, 
9811,3, 
9857,2, 
9859,7, 
9861,1, 
9863,8, 
9864,8, 
9866,8, 
9893,2, 
9894,3, 
9896,3, 
9897,1, 
9898,5, 
9899,3, 
9900,3, 
9901,2, 
9906, ,1
9911,5, 
9912,1, 
9913, ,1
9914,4, 
9915,2,2
9916,2, 
9917,5, 
9920,6, 
9923,6, 
9924,2, 
9925,3, 
9926,3, 
9927,1, 
9928,1, 
9929,1,2
9933,1,2
9935,2, 
9936,5, 
9937,4, 
9939,3, 
9939,4, 
9940,1, 
9941,1, 
9942,1, 
9945, ,1
9946,3,2
9948,1, 
9951, ,1
9952,4, 
9953,4,2
9954,5, 
9956,3, 
9957,6, 
9958,3, 
9959,1, 
9960,2, 
9961,3, 
9963,8, 
9964,4, 
9964,5, 
9965,2,2
9968,5, 
9969, ,1
9970,2, 
9972,2, 
9973,5, 
9974,2, 
9975,2, 
9976, ,1
9977,3, 
9978,3, 
9979,9, 
9980, ,1
9983,3, 
9984, ,1
9985,3, 
9986,6, 
9987,3, 
9991,3, 
9993,3, 
9995,1, 
9996,3, 
9997,1, 
9998, ,1
10000,1, 
10002,2,2
10003,3, 
10004,4, 
10006,1, 
10006,1, 
10007,3, 
10008,3, 
10009,1, 
10010,1,2
10011,3, 
10013, ,1
10015,12,2
10016,3,2
10018, ,1
10020,3, 
10021,2, 
10022,3, 
10024, ,1
10026,4, 
10027,7, 
10028,6, 
10029,1,2
10031,1, 
10032,4, 
10034,3, 
10035, ,1
10037,4, 
10039,1, 
10043,6, 
10046,1, 
10047,5, 
10048,1, 
10049,2,2
10051,5, 
10053,2, 
10055,1, 
10055, ,1
10055, ,1
10056,1, 
10057,5, 
10060,4, 
10061,3, 
10062,5, 
10065,4, 
10067,2, 
10069,3, 
10072,4, 
10073,2, 
10075,4, 
10076,5, 
10085, ,1
10086,5, 
10087,3, 
10088,5, 
10089,5, 
10090,9, 
10091, ,1
10092,1, 
10095,8, 
10096,6, 
10098,3, 
10099, ,1
10101,3, 
10102,3, 
10104,6, 
10104,3, 
10105,1, 
10106,7, 
10108,4, 
10109,3, 
10109,4, 
10111,3, 
10112,3, 
10113,3, 
10118,3, 
10119,3,2
10120,3, 
10123,2, 
10124,9, 
10125,3, 
10128, ,1
10129,4, 
10131,3, 
10134,2, 
10135, ,1
10136,2, 
10138,5, 
10140,1, 
10142,2, 
10144,4, 
10146,2, 
10147,2, 
10148,1, 
10149,6, 
10151,4, 
10152,8, 
10153,4, 
10156,10, 
10157,5, 
10158,4, 
10159,8, 
10161,9, 
10162,3, 
10165,4, 
10167,6,2
10168,2, 
10169,9,2
10171, ,1
10172,6, 
10173,3, 
10174,3, 
10176,5, 
10178,6, 
10179,1, 
10185,4, 
10187,2, 
10188,4, 
10189,1, 
10192,8, 
10193,9, 
10194,6, 
10195,3, 
10200,2, 
10201,10, 
10203,4,2
10204, ,1
10205,2, 
10206,8, 
10211,4, 
10212,4,2
10213,1, 
10214,4, 
10215,1, 
10216, ,1
10220,2, 
10221,4, 
10223,6, 
10224,5, 
10226,1,2
10229,4, 
10230,10, 
10231,6, 
10232,2, 
10235,1, 
10237, ,1
10238,3, 
10240,1, 
10242,2, 
10244,6, 
10245, ,1
10247,3, 
10248,9, 
10249,8, 
10251,1, 
10252,3, 
10253,4, 
10258, ,1
10261,2, 
10265,12, 
10268,3, 
10269,1, 
10274,5, 
10275,1, 
10276,6, 
10276,6, 
10277,5, 
10278,1, 
10279,1,2
10280,1, 
10281,10, 
10282,2,2
10283,2, 
10284,3,2
10285,6, 
10286,4, 
10287,4, 
10288,5, 
10290,5, 
10291,2, 
10293,1, 
10294,2, 
10297,6, 
10301,2,2
10304, ,1
10306,1, 
10308, ,1
10316,3, 
10318,1, 
10319,3, 
10320,2, 
10321,5, 
10322,9, 
10323,3, 
10325,5, 
10336, ,1
10337,7, 
10337,8, 
10339,1, 
10340,4, 
10343,7, 
10345, ,1
10346,2, 
10347,6, 
10350,3, 
10351,2,2
10352,1, 
10353,5, 
10354,5, 
10355,4, 
10356,1,2
10357,2, 
10358, ,1
10359,3, 
10360,4, 
10362,2, 
10364,3, 
10366,4, 
10368,2, 
10369,1, 
10370,3, 
10373,2, 
10375,7, 
10377,3, 
10378,2, 
10379, ,1
10381,7, 
10381,9, 
10382, ,1
10384, ,1
10385,3, 
10387,1, 
10389, ,1
10390,1, 
10391,2, 
10392,1, 
10393,2,2
10394,6, 
10395,4, 
10396,3, 
10397,2, 
10399,5, 
10401,3, 
10402,4, 
10403,2, 
10404,5, 
10405,2, 
10407,3, 
10408,7, 
10411, ,1
10412,1, 
10414,2, 
10415, ,1
10417, ,1
10421,1, 
10422,2, 
10424, ,1
10425,1, 
10426,4,2
10428,2, 
10429,1,2
10430, ,1
10433,4, 
10434,2, 
10435,4, 
10437,7, 
10438,3, 
10439,1, 
10440,3, 
10441,1, 
10449, ,1
10451,7, 
10452,2, 
10455,3, 
10457,4,2
10458,2, 
10460,3, 
10462,1,2
10463,1, 
10464,9, 
10465,2,2
10468,4,2
10470,5, 
10475, ,1
10477,2, 
10480,2, 
10485,4, 
10486,1,2
10487,1, 
10488,2, 
10491,1, 
10492,2, 
10493,1, 
10494,4, 
10495,1, 
10497,4, 
10498,1, 
10499,5, 
10500,6, 
10501,4, 
10502, ,1
10504, ,1
10506, ,1
10508,12, 
10510,2, 
10512,4, 
10514,2,2
10517,1, 
10520,5, 
10521,7, 
10524,4, 
10526,3, 
10529,4, 
10530,3, 
10531,2, 
10532,3, 
10533,7, 
10536,3, 
10538,4, 
10539,2, 
10540,1,2
10542,2, 
10543,1,2
10545,1,2
10546,3, 
10547,2, 
10547,3, 
10549,1, 
10550, ,1
10551,9, 
10573,4, 
10573,3, 
10574,6, 
10575,5, 
10576, ,1
10579,7, 
10580,4, 
10581,4, 
10582,1, 
10583, ,1
10585,1, 
10587,2, 
10588,4, 
10589,6,2
10590,4, 
10591,1, 
10592,5, 
10594, ,1
10595,2, 
10597,5, 
10598,1,2
10602,2, 
10603,5, 
10605,2,2
10607, ,1
10611,4, 
10613, ,1
10614,3,2
10615,3, 
10617,5, 
10618,1, 
10619,2, 
10620,1, 
10621,1,2
10622,2, 
10623,6, 
10624,3, 
10634, ,1
10636, ,1
10637,9, 
10638,6, 
10639,2, 
10640,4, 
10642,3, 
10710,4, 
10712,4, 
10716,2, 
10717,15, 
10719,5, 
10720,8, 
10722,5, 
10723,9, 
10723,6, 
10724,1,2
10726,7, 
10727,8, 
10728, ,1
10730,4, 
10731,3,2
10732,5, 
10734, ,1
10736,8, 
10737,1, 
10741, ,1
10743,4, 
10744,1,2
10747, ,1
10748,3, 
10750,5, 
10753,7, 
10754,6,2
10755,2, 
10756,8,2
10758, ,1
10759,4, 
10761,1, 
10762,8, 
10763,2, 
10764,1, 
10766,9, 
10767, ,1
10768,4, 
10769,1, 
10771,3, 
10772, ,1
10774,4, 
10776,9, 
10777, ,1
10778,3, 
10779,2, 
10780,4, 
10780,5, 
10782,5,2
10783,4, 
10784,6, 
10786,5, 
10788,4, 
10789,4, 
10790,5, 
10791, ,1
10792,5, 
10793, ,1
10794,8, 
10795,10, 
10796,3, 
10797,3, 
10800,4, 
10801, ,1
10802,1, 
10806,1,2
10807, ,1
10808,3, 
10810,1, 
10811,4, 
10812,6, 
10813,1,2
10815,9, 
10816,3, 
10817,1, 
10818,8, 
10820,4, 
10821,7, 
10822, ,1
10823,4, 
10824, ,1
10825,3, 
10827,1, 
10828,1, 
10833,4, 
10834,1, 
10836,5, 
10843,2, 
10846,4, 
10850,1, 
10852,3, 
10852,1, 
10853,4, 
10854,2, 
10858,3, 
10859,1, 
10860,1, 
10861,5, 
10862,2, 
10864,3, 
10866,3, 
10868,5, 
10869,1, 
10870,5, 
10871, ,1
10875,3,2
10876,2, 
10877,4, 
10879, ,1
10880, ,1
10881,3, 
10882,1, 
10883,6, 
10884, ,1
10885,5, 
10886,1, 
10887,5, 
10890, ,1
10891,3, 
10892,4, 
10895,4, 
10896,5, 
10897,2, 
10898,5, 
10902,5, 
10905,1, 
10906,11, 
10908, ,1
10909, ,1
10910,1, 
10913,6, 
10914,2, 
10915,3, 
10916,9, 
10917, ,1
10918,5, 
10920,6, 
10920,1, 
10921,2,2
10923,3, 
10924,4, 
10928,5,2
10930,2, 
10931,1, 
10932,2, 
10934,3, 
10935,7, 
10936,2, 
10939,7, 
10940,6, 
10942,3, 
10943, ,1
10944,10, 
10945,2, 
10948,3, 
10951,2, 
10952,3, 
10952,3, 
10953,1, 
10955,4, 
10960,2, 
10961,2, 
10962, ,1
10963,1, 
10964,3, 
10965,4, 
10967,1, 
10968,1, 
10969, ,1
10970, ,1
10971,3, 
10973,7, 
10975,1, 
10980, ,1
10981,3,2
10982,4, 
10983,2, 
10984,6, 
10985,6, 
10986,4, 
10987,5, 
10988,7, 
10989,11, 
10990,3, 
10991, ,1
10992,6, 
10997,2,2
10998, ,1
11000, ,1
11001, , 
11002, , 
11003, , 
11004, , 
11005, , 
11006, , 
11007, , 
11008, , 
11009, , 
11010, , 
11011, , 
11012, , 
11013, , 
11014, , 
11015, , 
11016, , 
11017, , 
11018, , 
11019, , 
11020, , 
11021, , 
11022, , 
11023, , 
11024, , 
11025, , 
11026, , 
11027, , 
11028, , 
11029, , 
11030, , 
11031, , 
11032, , 
11033, , 
11034, , 
11035, , 
11036, , 
11037, , 
11038, , 
11039, , 
11040, , 
11041, , 
11043, , 
11044, , 
11045, , 
11046, , 
11047, , 
11048, , 
11049, , 
11051, , 
11052, , 
11053, , 
11054, , 
11055, , 
11056, , 
11057, , 
11058, , 
11059, , 
11060, , 
11061, , 
11063, , 
11064, , 
11065, , 
11066, , 
11067, , 
11068, , 
11069, , 
11070, , 
11071, , 
11072, , 
11073, , 
11074, , 
11075, , 
11076, , 
11077, , 
11078, , 
11079, , 
11080, , 
11081, , 
11082, , 
11083, , 
11084, , 
11085, , 
11086, , 
11087, , 
11088, , 
11089, , 
11090, , 
11091, , 
11092, , 
11093, , 
11094, , 
11095, , 
11096, , 
11097, , 
11098, , 
11099, , 
11100, , 
11102, , 
11104, , 
11106, , 
11107, , 
11108, , 
11109, , 
11111, , 
11112, , 
11115, , 
11116, , 
11117, , 
11118, , 
11119, , 
11120, , 
11123, , 
11124, , 
11126, , 
11127, , 
11129, , 
11130, , 
11132, , 
11133, , 
11134, , 
11136, , 
11137, , 
11138, , 
11139, , 
11140, , 
11141, , 
11142, , 
11143, , 
11144, , 
11145, , 
11147, , 
11148, , 
11149, , 
11150, , 
11151, , 
11152, , 
11153, , 
11154, , 
11155, , 
11156, , 
11157, , 
11158, , 
11159, , 
11161, , 
11162, , 
11163, , 
11165, , 
11166, , 
11167, , 
11169, , 
11170, , 
11171, , 
11172, , 
11173, , 
11174, , 
11178, , 
11179, , 
11180, , 
11181, , 
11182, , 
11183, , 
11184, , 
11185, , 
11186, , 
11187, , 
11188, , 
11190, , 
11191, , 
11192, , 
11193, , 
11194, , 
11196, , 
11197, , 
11198, , 
11199, , 
11200, , 
11201, , 
11202, , 
11203, , 
11204, , 
11205, , 
11207, , 
11208, , 
11209, , 
11211, , 
11212, , 
11213, , 
11214, , 
11215, , 
11216, , 
11218, , 
11219, , 
11220, , 
11222, , 
11223, , 
11224, , 
11225, , 
11226, , 
11227, , 
11229, , 
11231, , 
11234, , 
11235, , 
11237, , 
11238, , 
11239, , 
11240, , 
11241, , 
11242, , 
11244, , 
11245, , 
11246, , 
11247, , 
11248, , 
11249, , 
11250, , 
11251, , 
11252, , 
11253, , 
11254, , 
11255, , 
11256, , 
11258, , 
11259, , 
11260, , 
11261, , 
11262, , 
11263, , 
11264, , 
11265, , 
11266, , 
11267, , 
11268, , 
11269, , 
11270, , 
11271, , 
11272, , 
11273, , 
11274, , 
11275, , 
11276, , 
11278, , 
11279, , 
11280, , 
11281, , 
11282, , 
11283, , 
11284, , 
11285, , 
11286, , 
11287, , 
11288, , 
11289, , 
11291, , 
11292, , 
11293, , 
11294, , 
11295, , 
11296, , 
11297, , 
11298, , 
11299, , 
11300, , 
11301, , 
11302, , 
11303, , 
11304, , 
11305, , 
11306, , 
11307, , 
11308, , 
11309, , 
11311, , 
11312, , 
11313, , 
11314, , 
11315, , 
11316, , 
11317, , 
11318, , 
11319, , 
11320, , 
11321, , 
11322, , 
11323, , 
11324, , 
11325, , 
11326, , 
11327, , 
11328, , 
11330, , 
11331, , 
11332, , 
11333, , 
11334, , 
11335, , 
11336, , 
11337, , 
11338, , 
11339, , 
11340, , 
11341, , 
11342, , 
11343, , 
11344, , 
11517, , 
11518, , 
11519, , 
11520, , 
11521, , 
11522, , 
11523, , 
11524, , 
11525, , 
11527, , 
11528, , 
11529, , 
11530, , 
11531, , 
11532, , 
11533, , 
11534, , 
11535, , 
11536, , 
11538, , 
11539, , 
11542, , 
11543, , 
11544, , 
11545, , 
11546, , 
11547, , 
11548, , 
11549, , 
11550, , 
11551, , 
11553, , 
11554, , 
11555, , 
11556, , 
11558, , 
11559, , 
11560, , 
11561, , 
11563, , 
11565, , 
11566, , 
11567, , 
11568, , 
11569, , 
11570, , 
11571, , 
11572, , 
11573, , 
11574, , 
11575, , 
11576, , 
11577, , 
11581, , 
11582, , 
11583, , 
11584, , 
11585, , 
11586, , 
11588, , 
11589, , 
11590, , 
11591, , 
11592, , 
11593, , 
11594, , 
11595, , 
11596, , 
11598, , 
11599, , 
11600, , 
11601, , 
11602, , 
11604, , 
11605, , 
11607, , 
11608, , 
11609, , 
11610, , 
11611, , 
11612, , 
11613, , 
11617, , 
11618, , 
11619, , 
11620, , 
11621, , 
11622, , 
11623, , 
11625, , 
11626, , 
11629, , 
11630, , 
11631, , 
11632, , 
11633, , 
11634, , 
11635, , 
11636, , 
11637, , 
11638, , 
11640, , 
11643, , 
11644, , 
11645, , 
11646, , 
11647, , 
11648, , 
11649, , 
11650, , 
11651, , 
11652, , 
11653, , 
11654, , 
11656, , 
11657, , 
11658, , 
11659, , 
11660, , 
11661, , 
11662, , 
11663, , 
11664, , 
11667, , 
11668, , 
11669, , 
11670, , 
11671, , 
11672, , 
11673, , 
11675, , 
11676, , 
11677, , 
11678, , 
11679, , 
11680, , 
11681, , 
11683, , 
11684, , 
11685, , 
11686, , 
11687, , 
11688, , 
11690, , 
11691, , 
11692, , 
11693, , 
11695, , 
11696, , 
11697, , 
11698, , 
11699, , 
11700, , 
11701, , 
11702, , 
11703, , 
11704, , 
11705, , 
11707, , 
11708, , 
11709, , 
11710, , 
11711, , 
11714, , 
11715, , 
11716, , 
11717, , 
11719, , 
11724, , 
11725, , 
11726, , 
11728, , 
11729, , 
11730, , 
11731, , 
11732, , 
11733, , 
11734, , 
11735, , 
11736, , 
11737, , 
11738, , 
11739, , 
11740, , 
11742, , 
11744, , 
11745, , 
11746, , 
11747, , 
11748, , 
11749, , 
11750, , 
11751, , 
11752, , 
11753, , 
11754, , 
11755, , 
11756, , 
11757, , 
11758, , 
11759, , 
11760, , 
11761, , 
11762, , 
11763, , 
11764, , 
11766, , 
11767, , 
11768, , 
11770, , 
11771, , 
11772, , 
11773, , 
11774, , 
11775, , 
11776, , 
11777, , 
11778, , 
11779, , 
11780, , 
11781, , 
11782, , 
11783, , 
11784, , 
11785, , 
11786, , 
11787, , 
11788, , 
11789, , 
11790, , 
11791, , 
11792, , 
11793, , 
11795, , 
11796, , 
11797, , 
11799, , 
11800, , 
11801, , 
11804, , 
11805, , 
11806, , 
11807, , 
11810, , 
11813, , 
11814, , 
11815, , 
11817, , 
11818, , 
11819, , 
11820, , 
11821, , 
11822, , 
11823, , 
11824, , 
11825, , 
11826, , 
11828, , 
11829, , 
11830, , 
11831, , 
11835, , 
11836, , 
11838, , 
11839, , 
11840, , 
11841, , 
11842, , 
11843, , 
11846, , 
11847, , 
11849, , 
11850, , 
11851, , 
11852, , 
11853, , 
11855, , 
11857, , 
11858, , 
11859, , 
11860, , 
11862, , 
11863, , 
11864, , 
11865, , 
11866, , 
11867, , 
11868, , 
11869, , 
11870, , 
11871, , 
11872, , 
11873, , 
11874, , 
11875, , 
11876, , 
11877, , 
11878, , 
11879, , 
11880, , 
11881, , 
11882, , 
11883, , 
11884, , 
11885, , 
11887, , 
11888, , 
11889, , 
11890, , 
11891, , 
11892, , 
11893, , 
11894, , 
11895, , 
11896, , 
11897, , 
11898, , 
11899, , 
11900, , 
11901, , 
11902, , 
11903, , 
11905, , 
11906, , 
11907, , 
11908, , 
11909, , 
11910, , 
11911, , 
11912, , 
11913, , 
11914, , 
11916, , 
11917, , 
11920, , 
11921, , 
11923, , 
11925, , 
11926, , 
11927, , 
11928, , 
11929, , 
11931, , 
11932, , 
11933, , 
11934, , 
11936, , 
11937, , 
11938, , 
11939, , 
11940, , 
11941, , 
11942, , 
11943, , 
11944, , 
11946, , 
11947, , 
11948, , 
11949, , 
11950, , 
11951, , 
11952, , 
11954, , 
11955, , 
11956, , 
11957, , 
11959, , 
11962, , 
11963, , 
11964, , 
11965, , 
11966, , 
11968, , 
11969, , 
11970, , 
11971, , 
11973, , 
11974, , 
11975, , 
11977, , 
11978, , 
11980, , 
11982, , 
11983, , 
11984, , 
11985, , 
11986, , 
11987, , 
11988, , 
11989, , 
11990, , 
11991, , 
11992, , 
11993, , 
11994, , 
11998, , 
11999, , 
12000, , 
12002, , 
12003, , 
12004, , 
12005, , 
12006, , 
12008, , 
12009, , 
12010, , 
12012, , 
12013, , 
12016, , 
12017, , 
12018, , 
12020, , 
12021, , 
12022, , 
12023, , 
12024, , 
12025, , 
12026, , 
12027, , 
12028, , 
12029, , 
12030, , 
12031, , 
12033, , 
12034, , 
12035, , 
12037, , 
12038, , 
12039, , 
12040, , 
12041, , 
12042, , 
12045, , 
12046, , 
12047, , 
12048, , 
12049, , 
12050, , 
12051, , 
12052, , 
12053, , 
12054, , 
12055, , 
12056, , 
12057, , 
12059, , 
12060, , 
12061, , 
12064, , 
12066, , 
12067, , 
12068, , 
12069, , 
12070, , 
12072, , 
12073, , 
12074, , 
12075, , 
12076, , 
12077, , 
12078, , 
12079, , 
12080, , 
12081, , 
12082, , 
12083, , 
12084, , 
12085, , 
12086, , 
12087, , 
12088, , 
12089, , 
12090, , 
12091, , 
12092, , 
12093, , 
12094, , 
12096, , 
12097, , 
12098, , 
12099, , 
12100, , 
12101, , 
12102, , 
12103, , 
12104, , 
12105, , 
12106, , 
12107, , 
12108, , 
12109, , 
12110, , 
12111, , 
12112, , 
12113, , 
12114, , 
12115, , 
12116, , 
12117, , 
12119, , 
12121, , 
12122, , 
12123, , 
12124, , 
12125, , 
12126, , 
12127, , 
12129, , 
12130, , 
12131, , 
12132, , 
12133, , 
12134, , 
12137, , 
12138, , 
12139, , 
12140, , 
12142, , 
12143, , 
12144, , 
12145, , 
12147, , 
12148, , 
12149, , 
12150, , 
12152, , 
12153, , 
12154, , 
12156, , 
12157, , 
12159, , 
12160, , 
12161, , 
12162, , 
12163, , 
12164, , 
12165, , 
12166, , 
12167, , 
12168, , 
12169, , 
12170, , 
12172, , 
12173, , 
12174, , 
12175, , 
12176, , 
12177, , 
12178, , 
12179, , 
12180, , 
12181, , 
12182, , 
12183, , 
12184, , 
12185, , 
12186, , 
12187, , 
12188, , 
12190, , 
12191, , 
12192, , 
12193, , 
12194, , 
12195, , 
12196, , 
12197, , 
12198, , 
12199, , 
12200, , 
12201, , 
12202, , 
12205, , 
12206, , 
12207, , 
12208, , 
12209, , 
12210, , 
12211, , 
12212, , 
12213, , 
12214, , 
12215, , 
12216, , 
12217, , 
12218, , 
12219, , 
12221, , 
12222, , 
12224, , 
12225, , 
12228, , 
12229, , 
12231, , 
12232, , 
12233, , 
12234, , 
12235, , 
12236, , 
12237, , 
12238, , 
12239, , 
12240, , 
12241, , 
12242, , 
12243, , 
12246, , 
12248, , 
12249, , 
12250, , 
12251, , 
12252, , 
12253, , 
12254, , 
12256, , 
12257, , 
12259, , 
12260, , 
12261, , 
12262, , 
12263, , 
12264, , 
12265, , 
12266, , 
12267, , 
12268, , 
12269, , 
12270, , 
12271, , 
12515, , 
12516, , 
12517, , 
12518, , 
12519, , 
12520, , 
12521, , 
12522, , 
12523, , 
12524, , 
12525, , 
12526, , 
12527, , 
12528, , 
12530, , 
12531, , 
12532, , 
12533, , 
12534, , 
12535, , 
12536, , 
12537, , 
12538, , 
12539, , 
12540, , 
12541, , 
12542, , 
12543, , 
12544, , 
12545, , 
12546, , 
12548, , 
12549, , 
12550, , 
12551, , 
12552, , 
12553, , 
12555, , 
12556, , 
12557, , 
12558, , 
12560, , 
12561, , 
12562, , 
12563, , 
12564, , 
12565, , 
12566, , 
12568, , 
12569, , 
12570, , 
12571, , 
12572, , 
12574, , 
12575, , 
12576, , 
12578, , 
12579, , 
12581, , 
12582, , 
12583, , 
12585, , 
12586, , 
12587, , 
12588, , 
12589, , 
12590, , 
12591, , 
12592, , 
12593, , 
12594, , 
12596, , 
12597, , 
12598, , 
12599, , 
12600, , 
12601, , 
12602, , 
12603, , 
12604, , 
12605, , 
12606, , 
12607, , 
12608, , 
12609, , 
12610, , 
12611, , 
12612, , 
12613, , 
12614, , 
12615, , 
12616, , 
12617, , 
12618, , 
12619, , 
12620, , 
12621, , 
12622, , 
12623, , 
12624, , 
12625, , 
12626, , 
12627, , 
12628, , 
12629, , 
12630, , 
12631, , 
12632, , 
12633, , 
12634, , 
12635, , 
12636, , 
12637, , 
12641, , 
12642, , 
12643, , 
12644, , 
12645, , 
12646, , 
12647, , 
12649, , 
12650, , 
12652, , 
12653, , 
12654, , 
12655, , 
12656, , 
12657, , 
12658, , 
12659, , 
12660, , 
12661, , 
12663, , 
12664, , 
12665, , 
12667, , 
12670, , 
12671, , 
12672, , 
12673, , 
12675, , 
12676, , 
12677, , 
12678, , 
12679, , 
12680, , 
12683, , 
12685, , 
12686, , 
12687, , 
12689, , 
12690, , 
12691, , 
12692, , 
12693, , 
12694, , 
12697, , 
12698, , 
12701, , 
12703, , 
12705, , 
12708, , 
12711, , 
12714, , 
12715, , 
12717, , 
12718, , 
12719, , 
12720, , 
12721, , 
12722, , 
12724, , 
12726, , 
12727, , 
12729, , 
12730, , 
12732, , 
12733, , 
12735, , 
12736, , 
12738, , 
12739, , 
12740, , 
12741, , 
12742, , 
12744, , 
12745, , 
12748, , 
12749, , 
12750, , 
12751, , 
12752, , 
12753, , 
12755, , 
12756, , 
12757, , 
12758, , 
12759, , 
12760, , 
12761, , 
12762, , 
12763, , 
12764, , 
12765, , 
12767, , 
12768, , 
12769, , 
12770, , 
12773, , 
12774, , 
12775, , 
12776, , 
12777, , 
12778, , 
12779, , 
12780, , 
12781, , 
12782, , 
12783, , 
12784, , 
12785, , 
12786, , 
12788, , 
12789, , 
12790, , 
12791, , 
12792, , 
12793, , 
12794, , 
12795, , 
12797, , 
12798, , 
12799, , 
12800, , 
12801, , 
12802, , 
12803, , 
12804, , 
12805, , 
12806, , 
12807, , 
12808, , 
12809, , 
12810, , 
12811, , 
12812, , 
12813, , 
12814, , 
12815, , 
12817, , 
12818, , 
12820, , 
12821, , 
12822, , 
12824, , 
12825, , 
12826, , 
12827, , 
12828, , 
12829, , 
12830, , 
12831, , 
12832, , 
12833, , 
12834, , 
12835, , 
12836, , 
12838, , 
12839, , 
12840, , 
12842, , 
12843, , 
12845, , 
12846, , 
12848, , 
12849, , 
12850, , 
12851, , 
12852, , 
12853, , 
12854, , 
12855, , 
12856, , 
12857, , 
12858, , 
12859, , 
12860, , 
12861, , 
12862, , 
12863, , 
12950, , 
12951, , 
12952, , 
12953, , 
12954, , 
12955, , 
12956, , 
12957, , 
12958, , 
12959, , 
12960, , 
12961, , 
12962, , 
12963, , 
12964, , 
12965, , 
12966, , 
12967, , 
12968, , 
12969, , 
12970, , 
12971, , 
12972, , 
12973, , 
12974, , 
12975, , 
12976, , 
12977, , 
12978, , 
12980, , 
12981, , 
12982, , 
12983, , 
12984, , 
12985, , 
12986, , 
12987, , 
12988, , 
12989, , 
12990, , 
12991, , 
12992, , 
12993, , 
12994, , 
12995, , 
12996, , 
12997, , 
12998, , 
12999, , 
13000, , 
13001, , 
13002, , 
13003, , 
13004, , 
13005, , 
13007, , 
13008, , 
13010, , 
13011, , 
13012, , 
13013, , 
13014, , 
13015, , 
13016, , 
13017, , 
13018, , 
13019, , 
13021, , 
13022, , 
13023, , 
13024, , 
13026, , 
13027, , 
13028, , 
13029, , 
13030, , 
13031, , 
13032, , 
13033, , 
13034, , 
13035, , 
13036, , 
13038, , 
13039, , 
13040, , 
13041, , 
13042, , 
13043, , 
13044, , 
13045, , 
13046, , 
13047, , 
13048, , 
13049, , 
13050, , 
13051, , 
13052, , 
13053, , 
13055, , 
13056, , 
13057, , 
13058, , 
13059, , 
13061, , 
13062, , 
13063, , 
13064, , 
13065, , 
13066, , 
13067, , 
13068, , 
13069, , 
13070, , 
13071, , 
13072, , 
13075, , 
13078, , 
13080, , 
13081, , 
13082, , 
13083, , 
13085, , 
13086, , 
13087, , 
13088, , 
13089, , 
13091, , 
13092, , 
13093, , 
13094, , 
13095, , 
13096, , 
13098, , 
13100, , 
13101, , 
13102, , 
13103, , 
13104, , 
13105, , 
13107, , 
13108, , 
13109, , 
13110, , 
13111, , 
13112, , 
13113, , 
13114, , 
13115, , 
13116, , 
13117, , 
13119, , 
13120, , 
13121, , 
13122, , 
13124, , 
13125, , 
13126, , 
13127, , 
13128, , 
13129, , 
13130, , 
13131, , 
13132, , 
13133, , 
13134, , 
13135, , 
13136, , 
13137, , 
13138, , 
13139, , 
13140, , 
13141, , 
13142, , 
13143, , 
13144, , 
13145, , 
13146, , 
13147, , 
13148, , 
13150, , 
13151, , 
13152, , 
13153, , 
13154, , 
13156, , 
13158, , 
13160, , 
13161, , 
13162, , 
13163, , 
13165, , 
13166, , 
13167, , 
13168, , 
13169, , 
13170, , 
13171, , 
13172, , 
13173, , 
13174, , 
13175, , 
13176, , 
13178, , 
13179, , 
13180, , 
13181, , 
13182, , 
13183, , 
13184, , 
13186, , 
13187, , 
13188, , 
13189, , 
13190, , 
13191, , 
13192, , 
13193, , 
13194, , 
13195, , 
13196, , 
13197, , 
13198, , 
13199, , 
13200, , 
13201, , 
13202, , 
13203, , 
13204, , 
13205, , 
13206, , 
13208, , 
13209, , 
13210, , 
13211, , 
13212, , 
13214, , 
13215, , 
13216, , 
13217, , 
13218, , 
13219, , 
13220, , 
13221, , 
13223, , 
13224, , 
13225, , 
13228, , 
13229, , 
13232, , 
13233, , 
13234, , 
13235, , 
13236, , 
13237, , 
13238, , 
13239, , 
13240, , 
13241, , 
13243, , 
13244, , 
13245, , 
13246, , 
13247, , 
13248, , 
13249, , 
13250, , 
13251, , 
13252, , 
13253, , 
13254, , 
13255, , 
13256, , 
13257, , 
13258, , 
13259, , 
13260, , 
13261, , 
13262, , 
13263, , 
13264, , 
13265, , 
13266, , 
13267, , 
13268, , 
13269, , 
13270, , 
13271, , 
13273, , 
13274, , 
13275, , 
13276, , 
13277, , 
13279, , 
13280, , 
13281, , 
13282, , 
13283, , 
13284, , 
13285, , 
13286, , 
13288, , 
13289, , 
13290, , 
13291, , 
13292, , 
13293, , 
13294, , 
13295, , 
13296, , 
13297, , 
13298, , 
13299, , 
13300, , 
13301, , 
13302, , 
13303, , 
13304, , 
13305, , 
13306, , 
13307, , 
13309, , 
13311, , 
13312, , 
13313, , 
13314, , 
13316, , 
13317, , 
13318, , 
13319, , 
13320, , 
13321, , 
13322, , 
13323, , 
13324, , 
13325, , 
13326, , 
13327, , 
13329, , 
13330, , 
13331, , 
13332, , 
13334, , 
13335, , 
13338, , 
13339, , 
13340, , 
13341, , 
13342, , 
13346, , 
13347, , 
13348, , 
13349, , 
13350, , 
13351, , 
13352, , 
13353, , 
13354, , 
13355, , 
13356, , 
13359, , 
13361, , 
13362, , 
13363, , 
13364, , 
13365, , 
13366, , 
13367, , 
13368, , 
13370, , 
13372, , 
13373, , 
13375, , 
13377, , 
13378, , 
13379, , 
13380, , 
13381, , 
13382, , 
13383, , 
13385, , 
13387, , 
13388, , 
13389, , 
13390, , 
13392, , 
13393, , 
13394, , 
13395, , 
13396, , 
13397, , 
13398, , 
13399, , 
13400, , 
13401, , 
13402, , 
13403, , 
13404, , 
13405, , 
13407, , 
13408, , 
13410, , 
13411, , 
13413, , 
13414, , 
13417, , 
13418, , 
13419, , 
13422, , 
13423, , 
13425, , 
13426, , 
13427, , 
13428, , 
13429, , 
13430, , 
13431, , 
13432, , 
13433, , 
13434, , 
13435, , 
13436, , 
13438, , 
13439, , 
13440, , 
13441, , 
13442, , 
13443, , 
13444, , 
13446, , 
13448, , 
13449, , 
13453, , 
13454, , 
13455, , 
13456, , 
13457, , 
13458, , 
13459, , 
13460, , 
13461, , 
13462, , 
13464, , 
13466, , 
13468, , 
13469, , 
13470, , 
13473, , 
13474, , 
13475, , 
13476, , 
13477, , 
13478, , 
13479, , 
13480, , 
13481, , 
13482, , 
13483, , 
13484, , 
13486, , 
13487, , 
13488, , 
13489, , 
13490, , 
13491, , 
13492, , 
13493, , 
13494, , 
13497, , 
13498, , 
13499, , 
13500, , 
13501, , 
13503, , 
13504, , 
13505, , 
13506, , 
13509, , 
13510, , 
13511, , 
13512, , 
13513, , 
13514, , 
13515, , 
13516, , 
13518, , 
13520, , 
13521, , 
13522, , 
13524, , 
13525, , 
13526, , 
13528, , 
13529, , 
13530, , 
13531, , 
13532, , 
13533, , 
13534, , 
13535, , 
13536, , 
13537, , 
13538, , 
13539, , 
13540, , 
13541, , 
13542, , 
13543, , 
13544, , 
13545, , 
13546, , 
13547, , 
13549, , 
13550, , 
13552, , 
13553, , 
13554, , 
13555, , 
13556, , 
13557, , 
13558, , 
13559, , 
13560, , 
13561, , 
13563, , 
13564, , 
13565, , 
13566, , 
13567, , 
13568, , 
13569, , 
13570, , 
13571, , 
13573, , 
13576, , 
13578, , 
13579, , 
13580, , 
13582, , 
13583, , 
13584, , 
13586, , 
13587, , 
13588, , 
13589, , 
13590, , 
13594, , 
13595, , 
13596, , 
13597, , 
13598, , 
13599, , 
13600, , 
13601, , 
13602, , 
13603, , 
13604, , 
13605, , 
13606, , 
13607, , 
13608, , 
13609, , 
13610, , 
13611, , 
13612, , 
13613, , 
13614, , 
13615, , 
13616, , 
13617, , 
13618, , 
13619, , 
13620, , 
13621, , 
13622, , 
13623, , 
13624, , 
13626, , 
13627, , 
13628, , 
13629, , 
13630, , 
13631, , 
13632, , 
13633, , 
13635, , 
13636, , 
13637, , 
13638, , 
13639, , 
13640, , 
13642, , 
13644, , 
13646, , 
13648, , 
13649, , 
13650, , 
13651, , 
13652, , 
13653, , 
13657, , 
13658, , 
13660, , 
13663, , 
13664, , 
13665, , 
13666, , 
13668, , 
13671, , 
13673, , 
13674, , 
13676, , 
13677, , 
13679, , 
13680, , 
13681, , 
13682, , 
13683, , 
13684, , 
13685, , 
13686, , 
13687, , 
13688, , 
13689, , 
13690, , 
13691, , 
13693, , 
13694, , 
13697, , 
13698, , 
13699, , 
13701, , 
13702, , 
14055, , 
14057, , 
14058, , 
14059, , 
14060, , 
14061, , 
14062, , 
14063, , 
14064, , 
14065, , 
14066, , 
14067, , 
14068, , 
14069, , 
14070, , 
14071, , 
14073, , 
14075, , 
14076, , 
14077, , 
14078, , 
14079, , 
14080, , 
14081, , 
14084, , 
14085, , 
14086, , 
14087, , 
14088, , 
14089, , 
14090, , 
14092, , 
14093, , 
14095, , 
14096, , 
14097, , 
14098, , 
14100, , 
14101, , 
14102, , 
14103, , 
14104, , 
14106, , 
14107, , 
14109, , 
14110, , 
14111, , 
14112, , 
14113, , 
14114, , 
14115, , 
14116, , 
14117, , 
14118, , 
14120, , 
14121, , 
14122, , 
14123, , 
14124, , 
14125, , 
14126, , 
14127, , 
14128, , 
14129, , 
14130, , 
14131, , 
14132, , 
14133, , 
14134, , 
14136, , 
14137, , 
14138, , 
14139, , 
14140, , 
14141, , 
14142, , 
14143, , 
14144, , 
14145, , 
14146, , 
14147, , 
14148, , 
14149, , 
14150, , 
14151, , 
14152, , 
14153, , 
14154, , 
14155, , 
14156, , 
14157, , 
14158, , 
14159, , 
14160, , 
14161, , 
14162, , 
14163, , 
14164, , 
14165, , 
14166, , 
14167, , 
14168, , 
14169, , 
14170, , 
14171, , 
14172, , 
14173, , 
14174, , 
14175, , 
14176, , 
14177, , 
14178, , 
14179, , 
14180, , 
14181, , 
14182, , 
14183, , 
14184, , 
14185, , 
14187, , 
14188, , 
14189, , 
14190, , 
14191, , 
14192, , 
14194, , 
14195, , 
14196, , 
14197, , 
14199, , 
14200, , 
14201, , 
14202, , 
14203, , 
14204, , 
14205, , 
14206, , 
14207, , 
14208, , 
14209, , 
14210, , 
14212, , 
14213, , 
14214, , 
14215, , 
14216, , 
14217, , 
14218, , 
14219, , 
14220, , 
14221, , 
14223, , 
14224, , 
14225, , 
14226, , 
14227, , 
14228, , 
14229, , 
14230, , 
14231, , 
14232, , 
14233, , 
14234, , 
14235, , 
14236, , 
14237, , 
14238, , 
14239, , 
14240, , 
14241, , 
14242, , 
14243, , 
14244, , 
14245, , 
14246, , 
14247, , 
14248, , 
14249, , 
14250, , 
14251, , 
14252, , 
14253, , 
14254, , 
14255, , 
14256, , 
14258, , 
14259, , 
14260, , 
14261, , 
14262, , 
14263, , 
14264, , 
14265, , 
14266, , 
14267, , 
14268, , 
14269, , 
14272, , 
14273, , 
14274, , 
14275, , 
14277, , 
14278, , 
14279, , 
14280, , 
14281, , 
14282, , 
14283, , 
14284, , 
14285, , 
14287, , 
14288, , 
14289, , 
14290, , 
14292, , 
14293, , 
14294, , 
14295, , 
14296, , 
14297, , 
14298, , 
14299, , 
14300, , 
14301, , 
14303, , 
14304, , 
14305, , 
14306, , 
14307, , 
14308, , 
14309, , 
14310, , 
14311, , 
14313, , 
14314, , 
14315, , 
14316, , 
14319, , 
14320, , 
14321, , 
14322, , 
14323, , 
14324, , 
14325, , 
14326, , 
14327, , 
14328, , 
14329, , 
14330, , 
14331, , 
14332, , 
14334, , 
14335, , 
14336, , 
14337, , 
14338, , 
14339, , 
14340, , 
14341, , 
14342, , 
14343, , 
14344, , 
14345, , 
14346, , 
14347, , 
14348, , 
14349, , 
14350, , 
14352, , 
14353, , 
14354, , 
14355, , 
14356, , 
14357, , 
14358, , 
14359, , 
14360, , 
14361, , 
14362, , 
14363, , 
14364, , 
14365, , 
14366, , 
14367, , 
14368, , 
14369, , 
14370, , 
14371, , 
14372, , 
14373, , 
14374, , 
14375, , 
14376, , 
14377, , 
14379, , 
14380, , 
14381, , 
14382, , 
14383, , 
14384, , 
14385, , 
14386, , 
14389, , 
14392, , 
14393, , 
14394, , 
14395, , 
14396, , 
14397, , 
14398, , 
14399, , 
14400, , 
14401, , 
14402, , 
14403, , 
14405, , 
14406, , 
14407, , 
14408, , 
14409, , 
14410, , 
14411, , 
14412, , 
14413, , 
14414, , 
14415, , 
14416, , 
14417, , 
14420, , 
14421, , 
14422, , 
14423, , 
14424, , 
14425, , 
14428, , 
14429, , 
14430, , 
14431, , 
14432, , 
14433, , 
14434, , 
14435, , 
14436, , 
14437, , 
14439, , 
14440, , 
14441, , 
14444, , 
14445, , 
14446, , 
14447, , 
14448, , 
14449, , 
14450, , 
14451, , 
14452, , 
14453, , 
14454, , 
14455, , 
14457, , 
14458, , 
14459, , 
14462, , 
14463, , 
14464, , 
14465, , 
14466, , 
14467, , 
14468, , 
14469, , 
14470, , 
14471, , 
14472, , 
14473, , 
14474, , 
14475, , 
14478, , 
14479, , 
14480, , 
14481, , 
14482, , 
14484, , 
14485, , 
14486, , 
14487, , 
14488, , 
14489, , 
14490, , 
14491, , 
14492, , 
14493, , 
14494, , 
14495, , 
14496, , 
14497, , 
14498, , 
14499, , 
14500, , 
14501, , 
14502, , 
14503, , 
14504, , 
14505, , 
14506, , 
14507, , 
14510, , 
14511, , 
14512, , 
14513, , 
14514, , 
14515, , 
14516, , 
14517, , 
14518, , 
14519, , 
14520, , 
14521, , 
14522, , 
14524, , 
14526, , 
14527, , 
14528, , 
14529, , 
14530, , 
14531, , 
14532, , 
14533, , 
14534, , 
14535, , 
14536, , 
14537, , 
14538, , 
14540, , 
14541, , 
14542, , 
14543, , 
14544, , 
14545, , 
14546, , 
14547, , 
14548, , 
14549, , 
14550, , 
14552, , 
14553, , 
14554, , 
14555, , 
14556, , 
14557, , 
14558, , 
14559, , 
14560, , 
14561, , 
14562, , 
14563, , 
14564, , 
14565, , 
14566, , 
14567, , 
14568, , 
14569, , 
14570, , 
14572, , 
14573, , 
14574, , 
14575, , 
14576, , 
14577, , 
14578, , 
14579, , 
14580, , 
14581, , 
14582, , 
14584, , 
14586, , 
14587, , 
14588, , 
14589, , 
14590, , 
14592, , 
14594, , 
14595, , 
14596, , 
14597, , 
14598, , 
14599, , 
14600, , 
14601, , 
14602, , 
14603, , 
14606, , 
14607, , 
14610, , 
14611, , 
14613, , 
14614, , 
14615, , 
14616, , 
14618, , 
14619, , 
14621, , 
14622, , 
14623, , 
14625, , 
14626, , 
14628, , 
14629, , 
14630, , 
14631, , 
14633, , 
14635, , 
14636, , 
14638, , 
14640, , 
14641, , 
14644, , 
14645, , 
14646, , 
14647, , 
14649, , 
14651, , 
14652, , 
14653, , 
14654, , 
14655, , 
14656, , 
14657, , 
14659, , 
14661, , 
14662, , 
14666, , 
14667, , 
14669, , 
14670, , 
14671, , 
14672, , 
14673, , 
14675, , 
14676, , 
14677, , 
14678, , 
14679, , 
14680, , 
14681, , 
14682, , 
14683, , 
14684, , 
14685, , 
14686, , 
14687, , 
14688, , 
14689, , 
14690, , 
14691, , 
14692, , 
14693, , 
14695, , 
14696, , 
14697, , 
14699, , 
14700, , 
14701, , 
14702, , 
14703, , 
14704, , 
14705, , 
14707, , 
14708, , 
14709, , 
14710, , 
14711, , 
14713, , 
14715, , 
14716, , 
14717, , 
14718, , 
14719, , 
14721, , 
14723, , 
14724, , 
14726, , 
14728, , 
14729, , 
14730, , 
14731, , 
14734, , 
14736, , 
14737, , 
14738, , 
14739, , 
14740, , 
14741, , 
14742, , 
14743, , 
14744, , 
14748, , 
14749, , 
14750, , 
14752, , 
14753, , 
14754, , 
14755, , 
14756, , 
14758, , 
14759, , 
14760, , 
14761, , 
14762, , 
14763, , 
14764, , 
14765, , 
14766, , 
14767, , 
14768, , 
14769, , 
14770, , 
14771, , 
14773, , 
14774, , 
14776, , 
14777, , 
14778, , 
14780, , 
14781, , 
14782, , 
14783, , 
14784, , 
14785, , 
14787, , 
14788, , 
14789, , 
14790, , 
14791, , 
14792, , 
14793, , 
14795, , 
14796, , 
14799, , 
14800, , 
14802, , 
14803, , 
14804, , 
14806, , 
14807, , 
14808, , 
14809, , 
14810, , 
14811, , 
14812, , 
14813, , 
14814, , 
14816, , 
14817, , 
14818, , 
14819, , 
14820, , 
14821, , 
14822, , 
14823, , 
14824, , 
14825, , 
14826, , 
14827, , 
14828, , 
14829, , 
14830, , 
14831, , 
14834, , 
14836, , 
14837, , 
14838, , 
14839, , 
14840, , 
14842, , 
14843, , 
14844, , 
14845, , 
14846, , 
14847, , 
14848, , 
14850, , 
14852, , 
14853, , 
14854, , 
14856, , 
14857, , 
14858, , 
14859, , 
14861, , 
14862, , 
14863, , 
14865, , 
14866, , 
14867, , 
14868, , 
14869, , 
14870, , 
14872, , 
14873, , 
14874, , 
14875, , 
14876, , 
14877, , 
14878, , 
14879, , 
14880, , 
14881, , 
14882, , 
14883, , 
14884, , 
14885, , 
14886, , 
14887, , 
14888, , 
14889, , 
14890, , 
14892, , 
14895, , 
14896, , 
14897, , 
14898, , 
14899, , 
14900, , 
14901, , 
14903, , 
14904, , 
14905, , 
14906, , 
14907, , 
14908, , 
14910, , 
14911, , 
14912, , 
14913, , 
14914, , 
14915, , 
14917, , 
14918, , 
14919, , 
14921, , 
14922, , 
14924, , 
14925, , 
14926, , 
14928, , 
14929, , 
14930, , 
14931, , 
14932, , 
14933, , 
14934, , 
14935, , 
14936, , 
14937, , 
14938, , 
14940, , 
14941, , 
14942, , 
14943, , 
14944, , 
14945, , 
14946, , 
14947, , 
14948, , 
14949, , 
14950, , 
14952, , 
14953, , 
14954, , 
14955, , 
14956, , 
14957, , 
14959, , 
14960, , 
14961, , 
14962, , 
14963, , 
14964, , 
14965, , 
14966, , 
14967, , 
14968, , 
14969, , 
14970, , 
14971, , 
14972, , 
14973, , 
14974, , 
14975, , 
14977, , 
14978, , 
14979, , 
14980, , 
14981, , 
14982, , 
14983, , 
14984, , 
14985, , 
14986, , 
14988, , 
14989, , 
14990, , 
14992, , 
14993, , 
14994, , 
14995, , 
14996, , 
14997, , 
14998, , 
14999, , 
15000, , 
15001, , 
15002, , 
15003, , 
15004, , 
15006, , 
15007, , 
15009, , 
15010, , 
15011, , 
15012, , 
15013, , 
15014, , 
15015, , 
15016, , 
15017, , 
15018, , 
15019, , 
15020, , 
15021, , 
15022, , 
15024, , 
15025, , 
15027, , 
15030, , 
15031, , 
15032, , 
15033, , 
15034, , 
15035, , 
15036, , 
15037, , 
15038, , 
15039, , 
15040, , 
15041, , 
15042, , 
15043, , 
15044, , 
6778,1, 
6557, ,1
11408, , 
6773,1, 
11367, , 
6780,1, 
6582,3, 
11358, , 
6541,5, 
6552,3, 
6573,1, 
6581,4, 
11379, , 
11403, , 
6584, ,1
7203, ,1
11369, , 
11346, , 
11363, , 
11364, , 
11370, , 
11371, , 
11377, , 
11386, , 
6509, ,1
6515,2, 
6518,7, 
11390, , 
11398, , 
11401, , 
11402, , 
11404, , 
11376, , 
11381, , 
11385, , 
11375, , 
11366, , 
11373, , 
6779,8, 
6776,5, 
6562,3, 
6563,2, 
6570,3, 
6775, ,1
6549,4, 
11365, , 
11372, , 
11388, , 
11407, , 
11396, , 
11395, , 
11374, , 
11387, , 
6524, ,1
6527,2, 
11384, , 
11393, , 
6577,3, 
6503,2, 
6510,2, 
6546, ,1
11405, , 
11389, , 
6540,1,2
6522,7, 
6504,6, 
5182,1, 
6508,4, 
6534,2, 
6537,2, 
5181,2, 
5187,4, 
5972,1, 
6525,5, 
11391, , 
11416, , 
4275,2, 
6084,1, 
6500,1, 
6536,1, 
5180,1, 
6521,4, 
4272,5, 
4273, ,1
5185, ,1
5193, ,1
5200, ,1
5223, ,1
6499, ,1
6505, ,1
6535, ,1
6542,5, 
6548,4, 
6538, ,1
4274,2, 
5974,2, 
6257,10, 
6521,3, 
6258,1,2
6501, ,1
6514,1, 
6558,1, 
6566,1, 
5210, ,1
6579,1, 
11409, , 
11362, , 
6523,10, 
6564,2, 
6565,2, 
6571,4, 
11400, , 
6532,2,2
6256,3,2
7193,5, 
5105,5, 
7293,10, 
11349, , 
7171,3, 
7024,4, 
7041,1, 
7163,8, 
7181,3, 
7199,4, 
7220,2, 
11359, , 
5194,1, 
5205, ,1
7146,8, 
7152,3,2
7178,1, 
7216,4, 
7219,5, 
7295, ,1
11354, , 
2536, ,1
2538, ,1
3714, ,1
5108,6, 
5179,3, 
5183,5, 
5199,1, 
6519,5, 
7040,6, 
7043,4, 
7162, ,1
7169, ,1
11429, , 
11426, , 
11425, , 
11422, , 
11382, , 
11378, , 
11360, , 
11351, , 
11350, , 
11348, , 
7177, ,1
7190,5, 
7194,4, 
7222,1,2
7292,1,2
7294,2, 
11357, , 
11380, , 
5106,5, 
7176,6, 
7161,6, 
5226,1, 
5122,5, 
3391,4, 
3392,1, 
5109,8, 
5203,2, 
7044,7, 
7132,4, 
7133,1, 
7217,1, 
7228,1, 
5125,8, 
11353, , 
5209,2, 
3389, ,1
3390,5, 
3712, ,1
5123,1, 
5189, ,1
5191,4, 
5229, ,1
5230,1, 
7135,4, 
7148, ,1
7155,2, 
3387, ,1
7182,3, 
11427, , 
11423, , 
11419, , 
7204, ,1
7042,8,2
3713,2, 
5188,1, 
5190,4, 
5215,1, 
5222, ,1
5228,1, 
6545,1, 
7223,1, 
7224,1, 
11413, , 
3715,1, 
11355, , 
5121,3, 
6561,1,2
7185,4, 
7150,4, 
7173,3, 
7129,1, 
7142,6, 
7200,2, 
7144,2, 
5204, ,1
11345, , 
11383, , 
7134,1,2
5221,1, 
6568,1, 
3547,4, 
5236,4, 
11420, , 
7168,1, 
7167,5,2
5196,9, 
5197,8, 
5212,1,2
3717,2, 
5192,1, 
5198,6, 
5219,2, 
7141,4, 
11361, , 
2539,6, 
7172,1, 
7214,1, 
3546,3, 
5186,1, 
6528,4, 
6530,4, 
6547,3, 
7189, ,1
7195,1, 
7211,5, 
2540, ,1
5227, ,1
6544,5, 
7137,2, 
7130,5, 
11417, , 
11421, , 
11411, , 
11356, , 
7198, ,1
7139,1, 
6574,8, 
7131,5,2
11430, , 
5225,2, 
11414, , 
11392, , 
3716,3, 
11412, , 
5127,10, 
5126,6, 
3545, ,1
7604,4, 
5256, ,1
9420, ,1
12341, , 
7564,3, 
12338, , 
3868,2, 
8927,4, 
3869,10,2
9827,3, 
7269,4, 
9614,4, 
9619,13, 
10331,2, 
10655,1, 
12364, , 
12423, , 
12513, , 
8926,10, 
9625,1, 
9626,4, 
9727,2,2
12339, , 
12343, , 
9834,1, 
9855,6, 
10332,1,2
10552,2, 
12319, , 
12503, , 
12508, , 
2503,2, 
7272,4, 
7273,5, 
8931,2, 
8932,6,2
9621,1, 
9623,3, 
10329,10, 
12475, , 
9828,7, 
9614,4, 
2501, ,1
7591, ,1
8934, ,1
9627, ,1
9726, ,1
10557, ,1
12320, , 
12485, , 
12512, , 
7271,3, 
9729,2, 
3871,2, 
7274, ,1
9624, ,1
9730,1, 
2500,3, 
7590,8,2
9613,1,2
10555, ,1
10330,15, 
5594,7, 
9803,1, 
9802,1, 
3874,4, 
9622,3,2
9804,12, 
12412, , 
12504, , 
10558,1, 
7277,4, 
9805,1, 
9854,5, 
3886,3,2
4004,6, 
4013,1,2
8125,2, 
9616,5, 
9807,3, 
9808,1, 
9809,6, 
10562,1, 
10566,2, 
10677,4, 
12429, , 
12439, , 
8128,1, 
3876, ,1
4003, ,1
7275, ,1
7276, ,1
8923, ,1
12288, , 
12301, , 
12351, , 
12361, , 
12394, , 
12470, , 
4005,5, 
8936, ,1
10561, ,1
10679,2, 
10686,1, 
12514, , 
8930,5,2
10707,1,2
12369, , 
3879,1, 
12285, , 
12393, , 
12462, , 
540,4, 
3882,1,2
3884,5, 
7573,10, 
7577,4, 
9824,3,2
541,2, 
12340, , 
3883,3, 
4002,3, 
4012,5, 
7536,3, 
7566,4, 
8129,1, 
12463, , 
12498, , 
3998,3, 
7551,6, 
8130,2, 
9830,3, 
12460, , 
7687,2, 
542, ,1
4000, ,1
4007,4, 
4014, ,1
7561,3, 
7580,3, 
10567, ,1
10570, ,1
10571, ,1
12284, , 
12286, , 
12287, , 
12330, , 
12371, , 
12410, , 
12427, , 
533,1, 
537, ,1
544,2, 
7533,1, 
7666,5, 
10678, ,1
12481, , 
12417, , 
535,6, 
9856,1, 
10312,6,2
10314,5, 
4006,1, 
12327, , 
4010,2, 
11509, , 
12306, , 
12334, , 
7568, ,1
7055,7, 
12398, , 
7051,1, 
7056,2, 
7618,4, 
10672,5, 
10674,4, 
12303, , 
12314, , 
12370, , 
12438, , 
10654,1, 
8345,4, 
12347, , 
8342,2, 
12432, , 
7532,4, 
12322, , 
12360, , 
12449, , 
10705,4, 
10708,1, 
10709,2, 
12391, , 
12362, , 
7054,1, 
7657,4, 
12305, , 
12304, , 
1848,3, 
9583,1, 
12272, , 
12323, , 
12326, , 
12353, , 
12358, , 
12380, , 
12411, , 
12442, , 
12447, , 
12451, , 
12506, , 
7053, ,1
12425, , 
10673,3, 
10706,5, 
12366, , 
10667, ,1
9585,1, 
12313, , 
12477, , 
7620,3, 
4394,1, 
5258,4, 
7060,1, 
7064,4, 
9798,3, 
12275, , 
9800,6, 
785,1,2
7649,4, 
7063,2, 
7681,6, 
8347,4, 
9797,1, 
9799,2, 
9825,1,2
10687,1, 
10698,2, 
12482, , 
5259,5, 
7061,1, 
8346,2, 
4387,5, 
4389, ,1
4392,2, 
7639,1, 
7669,1, 
7673,1, 
9796,1, 
10681,4, 
10685, ,1
10695,1, 
12274, , 
12378, , 
12401, , 
12407, , 
12421, , 
12446, , 
12497, , 
12357, , 
12276, , 
4386,2,2
12404, , 
12453, , 
10315,1, 
9421,4,2
7635,7, 
12278, , 
12279, , 
12280, , 
12282, , 
12283, , 
12297, , 
12309, , 
12342, , 
7634,1, 
10309,1, 
12445, , 
12450, , 
6771,6, 
7638,1, 
12293, , 
12307, , 
12308, , 
12345, , 
12382, , 
12431, , 
12461, , 
12471, , 
12500, , 
7537, ,1
9422,2, 
12281, , 
12294, , 
12296, , 
12302, , 
12387, , 
7631, ,1
12277, , 
7583,3,2
10659,2, 
10662,4, 
12312, , 
7595,5, 
10631,1, 
6768,6, 
7601,5, 
7609,1, 
12290, , 
12299, , 
12310, , 
7643,2, 
12405, , 
12433, , 
12496, , 
12489, , 
12367, , 
6754,6, 
6769,3, 
7597,2, 
7661,3, 
7574, ,1
7575,3, 
7587,3, 
7617, ,1
7627,11, 
7670, ,1
7685, ,1
10627,1, 
10628,5, 
10630,1, 
12291, , 
12292, , 
12298, , 
12321, , 
12383, , 
12400, , 
12467, , 
12478, , 
12493, , 
6755,1, 
7675,4, 
12300, , 
12311, , 
12346, , 
7574,1,2
6767,4, 
10626,1, 
10629, ,1
12315, , 
10313,12, 
4009,2, 
3881,2, 
12437, , 
12408, , 
7550,3, 
7546,2, 
7547,2, 
12316, , 
7586,1, 
7599,1, 
7600,1, 
7615,2, 
12332, , 
12355, , 
12384, , 
12420, , 
12452, , 
12317, , 
12403, , 
12441, , 
12487, , 
7633,3, 
7578,4, 
7557,5, 
12389, , 
12483, , 
7541,1, 
7544,6, 
7582,2, 
7645,4, 
12436, , 
10675,5, 
7621,1,2
12395, , 
7563,7, 
7598,3, 
7612,2, 
12399, , 
7576, ,1
7588, ,1
7606, ,1
7648,7, 
10653,3,2
12413, , 
12440, , 
12443, , 
12454, , 
12455, , 
12474, , 
12488, , 
12494, , 
12495, , 
12333, , 
12386, , 
7613,4, 
7628,2, 
7570,4, 
7614,4, 
7678,1,2
9841,2, 
10671,2, 
12335, , 
7655,2, 
9840,2, 
7611,5, 
7656,3, 
7658,6, 
7671,3, 
9888,1, 
12480, , 
9850,1, 
7534, ,1
7602, ,1
7659, ,1
9847, ,1
9848, ,1
9869,3, 
9885,13, 
10647,5, 
10650, ,1
10660,10, 
12324, , 
12336, , 
12354, , 
12359, , 
12373, , 
12381, , 
12388, , 
12402, , 
12426, , 
12464, , 
12473, , 
12476, , 
12479, , 
9484,2, 
12392, , 
12472, , 
12492, , 
12510, , 
9868, ,1
10664,3, 
12505, , 
7556,2,2
9843,4, 
7672,2, 
9876,7, 
9837,2,2
9891,1, 
12484, , 
12372, , 
9878,1, 
9884,1, 
9890,3, 
10644,8, 
12329, , 
12349, , 
12390, , 
12406, , 
12435, , 
9817,1, 
9829,2, 
9838,2, 
9852,3, 
9870,7, 
9871,5, 
9881,2, 
12325, , 
12348, , 
12350, , 
12424, , 
12434, , 
12444, , 
12457, , 
12486, , 
12499, , 
9831,7, 
12469, , 
9852,7, 
9872, ,1
9883, ,1
9887,4, 
10645, ,1
12344, , 
12352, , 
12365, , 
12375, , 
12376, , 
12379, , 
12409, , 
12456, , 
12374, , 
12385, , 
9880,2,2
9819,8, 
9823,4, 
9845,3, 
9874,8, 
9886,3, 
13891, , 
7480,1, 
14041, , 
6278,1, 
13857, , 
14012, , 
13764, , 
13734, , 
2488,1, 
6282,1, 
6319,2, 
6346,2, 
6369,2, 
13718, , 
13719, , 
13732, , 
13735, , 
13744, , 
13754, , 
13763, , 
13765, , 
13771, , 
13789, , 
13805, , 
13837, , 
13850, , 
13869, , 
13893, , 
13896, , 
13915, , 
13919, , 
13943, , 
13966, , 
13972, , 
13973, , 
13990, , 
14010, , 
14011, , 
14013, , 
14020, , 
2490,2,2
4015,5, 
6272,5, 
6311,1,2
6317,1, 
6370, ,1
7854,5, 
8985,5, 
13736, , 
13745, , 
13755, , 
13760, , 
13808, , 
13816, , 
13836, , 
13862, , 
13863, , 
13883, , 
13901, , 
13925, , 
5886,1, 
13731, , 
13979, , 
13874, , 
13814, , 
6277,1, 
6315,1, 
6322,4, 
2497, ,1
13761, , 
14037, , 
14002, , 
6292,3, 
4486,9, 
7338,1,2
7853,4, 
7856, ,1
4488,5, 
4487,2, 
4504,1, 
13724, , 
5910,5, 
13720, , 
7482,3, 
14042, , 
13721, , 
2495, ,1
6352,8, 
6265, ,1
13971, , 
6338,3, 
13937, , 
13830, , 
13815, , 
13781, , 
13723, , 
13728, , 
13738, , 
13756, , 
13757, , 
13784, , 
13840, , 
13849, , 
13947, , 
13994, , 
14001, , 
14028, , 
14036, , 
13886, , 
13843, , 
6300,1, 
4016,1, 
1510,1, 
6305,1, 
13847, , 
13826, , 
6327,4, 
4493,2, 
13737, , 
13807, , 
13772, , 
6286,1, 
6307,5, 
6329,2, 
6306,2, 
6347,2, 
6310,2, 
13953, , 
2492,2, 
13722, , 
1121,1, 
14045, , 
7851,4, 
14030, , 
14031, , 
6325,5, 
4483,6, 
6323,1, 
7858,9, 
13730, , 
13729, , 
13753, , 
2486,1, 
5906, ,1
5907, ,1
5909, ,1
6301,5, 
13752, , 
13870, , 
13783, , 
2496,2, 
13842, , 
13934, , 
4017,1, 
2498,1, 
6297,6, 
6344,1, 
8987,5,2
13758, , 
13762, , 
13995, , 
14000, , 
14014, , 
6290, ,1
13793, , 
13825, , 
13856, , 
13871, , 
13931, , 
13975, , 
13811, , 
14017, , 
14021, , 
14032, , 
14043, , 
13806, , 
13961, , 
4485,5, 
13819, , 
13952, , 
13985, , 
1511, ,1
2493, ,1
6273,1, 
14022, , 
13873, , 
13950, , 
13945, , 
13946, , 
13797, , 
13882, , 
13854, , 
6336,1, 
6351,1, 
13955, , 
6331,3, 
6357,4, 
13949, , 
13821, , 
13969, , 
6287,2, 
2485,6, 
7340, ,1
5890,2, 
5889,5, 
7857,5, 
14047, , 
14046, , 
14029, , 
4502,4, 
4508,7, 
4492,3, 
8988, ,1
14044, , 
4065,4, 
1120,1,2
1123, ,1
1513, ,1
2487,8, 
4018,4, 
4507,3, 
6330,4, 
6339, ,1
7860,11, 
13725, , 
13726, , 
13727, , 
13751, , 
13812, , 
13818, , 
13865, , 
13903, , 
13926, , 
13927, , 
13933, , 
6348,2, 
6345,3, 
6312,6, 
2491,3, 
13739, , 
13740, , 
13741, , 
13798, , 
13822, , 
13921, , 
1122,1, 
13759, , 
13900, , 
13834, , 
6354,2, 
7258,1, 
7244,12, 
7247,4, 
7251,9, 
13991, , 
14009, , 
14024, , 
13733, , 
14049, , 
14003, , 
5114, ,1
7231,4, 
7249, ,1
13717, , 
13766, , 
13769, , 
13776, , 
13780, , 
13750, , 
13980, , 
7248,1, 
13703, , 
7246,3, 
7250,12, 
13767, , 
13775, , 
13785, , 
13801, , 
13813, , 
13902, , 
13923, , 
13924, , 
13932, , 
13939, , 
13968, , 
13986, , 
13992, , 
14039, , 
14053, , 
1118,5,2
13845, , 
13855, , 
13714, , 
5116,7,2
13746, , 
13712, , 
13848, , 
6365,2, 
7257,8, 
13929, , 
6361,4, 
5748,4, 
5749,5, 
7253,3, 
6355,4, 
13773, , 
13792, , 
13796, , 
13852, , 
13913, , 
13938, , 
13941, , 
13976, , 
13999, , 
14006, , 
14040, , 
14054, , 
6303,1, 
6314,3, 
13715, , 
13716, , 
13748, , 
5115,3, 
5117,1, 
6318,1, 
7255,1, 
13705, , 
13713, , 
13747, , 
13749, , 
13768, , 
13770, , 
13795, , 
13817, , 
13827, , 
13828, , 
13839, , 
13841, , 
13861, , 
13875, , 
13879, , 
13887, , 
13907, , 
13959, , 
13960, , 
13996, , 
14004, , 
14005, , 
14007, , 
14026, , 
14027, , 
13782, , 
13954, , 
13832, , 
13899, , 
13993, , 
13853, , 
13878, , 
13889, , 
13824, , 
13867, , 
13880, , 
13928, , 
13981, , 
13888, , 
13833, , 
13905, , 
13974, , 
13944, , 
6283,2, 
13881, , 
6376,2, 
13914, , 
13898, , 
13895, , 
8372,2, 
8368,14, 
14019, , 
8076,2, 
14050, , 
3425,1, 
14033, , 
2937,5, 
3428,4, 
5665, ,1
6274,3, 
6375,9, 
6375,3, 
7238,1, 
8075, ,1
13707, , 
8370,8, 
13709, , 
6021,8, 
8369, ,1
13851, , 
13706, , 
14015, , 
13930, , 
13957, , 
13989, , 
13940, , 
13962, , 
6296,7, 
6350,7, 
14034, , 
5670,3, 
14051, , 
5666,1, 
2934,3, 
3429,3, 
5671,2, 
6006,5,2
6333,4, 
6341,3, 
6363,3, 
6264,1, 
7239,3, 
7245,1, 
8371,8, 
8373,4, 
8374,1, 
8378, ,1
8383,1, 
13777, , 
13799, , 
13810, , 
13876, , 
13894, , 
13920, , 
13922, , 
13967, , 
13984, , 
13872, , 
13742, , 
13904, , 
13912, , 
13942, , 
13956, , 
13958, , 
13897, , 
6007,1,2
6004,1, 
6284,4, 
8077,10, 
8382,5, 
6011,3, 
8379,5, 
6366,3, 
6266,3, 
6009,1, 
3433, ,1
3434,1, 
6008,2,2
6010,3, 
6332, ,1
6372,2, 
6374,4, 
8078,1, 
8376, ,1
8380, ,1
13708, , 
13711, , 
13779, , 
13788, , 
13790, , 
13791, , 
13802, , 
13835, , 
13838, , 
13846, , 
13858, , 
13860, , 
13885, , 
13908, , 
13909, , 
13964, , 
13977, , 
13988, , 
13978, , 
13982, , 
13820, , 
13787, , 
13911, , 
13998, , 
14016, , 
14023, , 
14048, , 
14052, , 
13951, , 
13804, , 
13581, , 
6342,4, 
8377,9, 
8384, ,1
9061,4, 
9037,4, 
9024,2, 
9119,4, 
9142,4, 
9231,2, 
15104, , 
15101, , 
9107, ,1
15109, , 
9135,2, 
15110, , 
9201,4, 
9232, ,1
9241,12, 
9004,1, 
9013,1, 
9019,3, 
9056,3, 
9062,2, 
9064, ,1
9134,4, 
9151,2, 
9178,3, 
9196,2, 
9000,5, 
9010,3, 
9045,5, 
9052, ,1
9077,2, 
9088,3, 
9090,4, 
9116,2, 
9124,2, 
9126,10, 
9129,4, 
9137,3, 
9151,4, 
9152,2, 
9175,5, 
9202,2, 
9239,4, 
9242,1, 
9245, ,1
9057,6, 
9066,5,2
9138,3, 
15083, , 
15084, , 
15113, , 
9015,3, 
9128,3, 
9243, ,1
15068, , 
15076, , 
15112, , 
9208,4, 
9182,1,2
9096,2, 
9192, ,1
9211, ,1
9036, ,1
9038,3, 
9132,2, 
9133,1, 
9155,2, 
9005,4, 
9113, ,1
9131,3, 
9125, ,1
9042,5, 
9082,2, 
9139, ,1
9170, ,1
9140,1, 
9022,6, 
9021,3, 
9012,1,2
9048,2, 
9049, ,1
9075,2, 
9083,2, 
9084,8, 
9097,1,2
8998, ,1
9031,1, 
9032,6, 
9055,8, 
9079,1, 
9098,6, 
9098,7, 
9112,3, 
9120,4, 
9121,4, 
9123,2, 
9130,1,2
9147,3,2
9174,3, 
9185,1, 
9186,4, 
9191,2, 
9193,3, 
9203,7, 
9212,1, 
9222, ,1
9224, ,1
15075, , 
15073, , 
9238,3, 
9146,8, 
9169,6, 
9179,1,2
9226,9, 
9227, ,1
15102, , 
9189,7, 
15111, , 
9114,5, 
9003,7, 
9006,2, 
9008,7, 
9016,3, 
9023,3, 
9028,4, 
9050,6, 
9051,15, 
9101,4, 
9109,2, 
9160, ,1
9161,4, 
9168,3, 
9183, ,1
9210,3, 
9229,1, 
9235,5, 
15090, , 
15096, , 
15108, , 
8997, ,1
9011,3, 
9001,10, 
9039,4, 
9043,5, 
9059,6, 
9034, ,1
9063,2, 
9087,4, 
9094,2, 
9100,1, 
9104,10, 
9177,8, 
9187,2, 
9188,1,2
9197,1,2
9199,6,2
15070, , 
15071, , 
15081, , 
15095, , 
8999,1, 
9026,1,2
9033,1, 
9060,6, 
9143,8, 
9213,1, 
15093, , 
9158,2, 
15094, , 
15105, , 
15074, , 
15085, , 
9040,2, 
9110,4, 
9157,1, 
9176,19, 
9198,2,2
9233,3,2
9111,5, 
15066, , 
4925,2, 
4923,3, 
4921,5, 
4928,1, 
9076,2, 
4906,6, 
4917,2, 
4945,3, 
4949,3, 
4934,2, 
4951,2, 
4957,1, 
9070,3, 
9089,3, 
9092,4, 
9103,5, 
9117,2, 
9172,2, 
4937,1, 
4913, ,1
4918, ,1
4920, ,1
4950, ,1
4952, ,1
4955,3, 
9122,3, 
4915,8, 
4930,2, 
4935,2, 
4937,5, 
4947,3, 
9067, ,1
15064, , 
15069, , 
15086, , 
15106, , 
9237,1, 
9206,2, 
15107, , 
9069,2, 
4929, ,1
4946,4, 
15098, , 
15079, , 
15077, , 
15067, , 
15062, , 
4940,2,2
15089, , 
15065, , 
9236,1, 
9220,4, 
9207,2, 
9085,3, 
4943,5, 
4948,2, 
9223,5, 
4916,1, 
5681,7, 
5683,1, 
5684, ,1
5685,8, 
8142,1, 
5687, ,1
5692,5, 
8391,3, 
15125, , 
15118, , 
8145,1, 
8147, ,1
8148, ,1
4958,1, 
4895,2, 
4897, ,1
4932,4, 
4959, ,1
15056, , 
15091, , 
15060, , 
1050, ,1
4577, ,1
4578, ,1
4901,4, 
4922,5, 
4926,2, 
8563,9,2
8565, ,1
15119, , 
261,6, 
4530,5, 
4531,3,2
4533,5, 
4576,1, 
4910,3, 
7342, ,1
7343,2, 
4914,4, 
4940,4,2
15072, , 
15103, , 
15116, , 
9065,1, 
9228, ,1
4907,5, 
4939,3,2
9239, ,1
15052, , 
15063, , 
4896,6, 
4574, ,1
4532,7, 
4534,3, 
4528,6, 
4908,1, 
7341,1, 
15099, , 
4938, ,1
15048, , 
15087, , 
4898,1, 
4904,13, 
4905,2, 
8562,2,2
8564,4, 
9184,3, 
15045, , 
15054, , 
4899,13, 
7083,4, 
7975,4, 
7976,5, 
15059, , 
5830,2, 
1561, ,1
6081,5, 
7110,3, 
7812,1, 
8351,1, 
8388,1, 
15057, , 
15058, , 
15122, , 
1559,1, 
3470,2, 
4323,5,2
5504,2,2
5831,5, 
6083,5, 
7085,3, 
7826,6, 
8353,4, 
7971,6,2
8385, ,1
8616,10, 
5501,2, 
6079,5, 
8177,4, 
15061, , 
15114, , 
15049, , 
15053, , 
15047, , 
15126, , 
15127, , 
15130, , 
15120, , 
15055, , 
1563,3, 
3731,5, 
7828,2, 
7958,6, 
7960,3,2
8173,4,2
8354,3, 
8355, ,1
8386,2, 
8387,6, 
7957,3, 
15115, , 
7813,2, 
5835,3, 
3730,1, 
4326, ,1
7827, ,1
4322, ,1
8615,2, 
8618,6, 
15051, , 
7959,3,2
15129, , 
8389,3, 
9216,1, 
15121, , 
8175,4, 
7972,4, 
15123, , 
3469,1,2
3471,5, 
4324,1, 
6080,4, 
7973, ,1
8176, ,1
8179,2, 
8348,3,2
8352,1, 
15046, , 
15128, , 
7084,4, 
5502, ,1
5503,5, 
5508,4,2
7086,2, 
7105,1, 
7107,3, 
7109,1, 
15124, , 
15117, , 
3445,3, 
1975,5, 
3441,3, 
11440, , 
3446,2, 
3248,2, 
3603,2, 
745,2,2
3234,4,2
3444,7, 
743,4, 
3257,5, 
3252,1, 
11433, , 
11498, , 
529,1, 
741,4, 
746,3, 
750,3, 
754,4, 
11473, , 
485, ,1
507,4,2
756,5, 
757,5, 
765,6, 
774,1, 
801,5, 
807,2, 
815,1, 
817,1, 
818,2, 
1528,2, 
2481,1, 
2482,3, 
3240,7, 
3253,3, 
749,6, 
766,1, 
3243,2, 
3263,9, 
3266,2, 
3270,1, 
3614,1, 
3690,1,2
11434, , 
11438, , 
11441, , 
11451, , 
11454, , 
11458, , 
11459, , 
11465, , 
11468, , 
11481, , 
11504, , 
11450, , 
3268,2, 
11461, , 
11475, , 
11511, , 
3700,2, 
11446, , 
11512, , 
3209,1, 
11513, , 
11510, , 
11435, , 
822,8,2
744,5, 
813,1, 
3224,1, 
3267, ,1
3694, ,1
3695, ,1
3697, ,1
768,1,2
3254,5, 
439,6, 
11445, , 
11448, , 
486,2, 
694,2, 
698,1, 
701, ,1
723,4, 
727,4, 
729,4,2
800, ,1
780,3, 
792,4, 
803,5, 
747,2, 
805,1, 
828,2, 
1925,2, 
3206,1, 
3218,3, 
11474, , 
528,3, 
11492, , 
11491, , 
11485, , 
11482, , 
11478, , 
11471, , 
11439, , 
3702,1, 
3443,6, 
3442, ,1
3272,4, 
3271,1, 
3269,6, 
3269,6, 
3262,5, 
3228, ,1
3210,4,2
1928,1, 
819,4, 
809,1, 
800,1,2
1437,2, 
702,2, 
703,1, 
717, ,1
761, ,1
3228, ,1
11499, , 
793,2, 
3708,3, 
713,1, 
721,1,2
735,1, 
3219,2, 
2543,4, 
11502, , 
487,1, 
823,4, 
704,9, 
718,3, 
722,4, 
530,12, 
731,5, 
440,5,2
733,3, 
779,3, 
786,3, 
821, ,1
711,3, 
804, ,1
824, ,1
825, ,1
1529,1,2
3207,3, 
3214,3, 
3215,6, 
684, ,1
692,5,2
3225,3, 
3235,3, 
3255,6, 
3265,4, 
3273,4, 
3274,4, 
3616, ,1
3692,3, 
3697,6, 
3602, ,1
3701,4,2
11431, , 
11442, , 
11443, , 
11447, , 
11456, , 
11469, , 
11477, , 
11484, , 
11501, , 
11516, , 
11463, , 
3703,6, 
3710,4, 
693,6, 
706,1,2
736,1,2
808,1, 
3226, ,1
11432, , 
11476, , 
11487, , 
11488, , 
3704,3, 
11480, , 
11490, , 
3415,3, 
737,1, 
3244,6, 
11436, , 
11505, , 
695,1, 
3213,5, 
782,1, 
11486, , 
489,1, 
689,4, 
762,3, 
763,2, 
764,1, 
812,2, 
827,1, 
2483,1, 
770,8, 
1977,1, 
3236, ,1
739,3, 
785,3,2
794,3, 
814,2, 
2480,5, 
509,1, 
772,1, 
810,2, 
831,4, 
3258,4, 
11467, , 
11470, , 
11472, , 
11503, , 
11506, , 
11507, , 
11508, , 
1927,4, 
3222,3, 
3242,4, 
3245, ,1
3249,7, 
3258,4, 
3440,4, 
3448,2, 
3705, ,1
11437, , 
11444, , 
11449, , 
11452, , 
11462, , 
11464, , 
11479, , 
11496, , 
11514, , 
11500, , 
3250, ,1
1438,2, 
769,5, 
777, ,1
796,2, 
806, ,1
3246, ,1
3239, ,1
3447, ,1
3594, ,1
3693,1, 
724,3,2
811,5, 
3743,2, 
4428,1,2
4451,5, 
3653,6, 
4680, ,1
442,3,2
5265,5, 
4711, ,1
4700,5, 
4832,3, 
4398,3, 
4735,2, 
4769,2, 
4845,6, 
4859,2, 
12944, , 
4449,5, 
3654, ,1
4411,3, 
4419,2, 
4453,2, 
4733,5, 
4782,2, 
4825,6, 
4866,1, 
5273, ,1
12890, , 
12906, , 
12870, , 
12879, , 
12872, , 
12867, , 
12868, , 
12927, , 
12930, , 
12901, , 
4431,2, 
4726,1, 
12945, , 
12936, , 
12935, , 
3753, ,1
4399, ,1
4400,13, 
4412,1,2
4421,4,2
4455, ,1
4673,1, 
4743, ,1
4815,1,2
4828,5, 
4867,1,2
12866, , 
12875, , 
12880, , 
12914, , 
4452,3, 
4708,1, 
4827,1, 
4887,4, 
4893,3, 
4854,1,2
4864,2, 
5276,8, 
12874, , 
12911, , 
4674,2, 
4749,1, 
4870, ,1
4774,3, 
4745,2, 
4790,2, 
4614,2, 
452,4, 
12889, , 
12918, , 
455,3, 
3776,2, 
4410,16, 
4795,4, 
4810,4, 
4830,1, 
4841,10, 
453,3, 
451,5, 
454,1, 
3741,6, 
3750, ,1
3752, ,1
3755,6,2
4397, ,1
4407,2, 
4423, ,1
4596,2,2
4601,4, 
4626, ,1
4643, ,1
4643, ,1
4847,4, 
4848,2, 
4873,6, 
4888, ,1
5268,2, 
5271,3, 
5326, ,1
12910, , 
4770,6, 
4805,2, 
4638,3, 
4877,1, 
5327,1, 
12904, , 
12928, , 
4642,1, 
4799,2, 
4865,1,2
5322, ,1
5266, ,1
12902, , 
12903, , 
12885, , 
3751,1, 
4622,2, 
4422,3, 
4797,1, 
3758,1, 
4609,2, 
4748,4, 
4765,10, 
4822,1, 
4861,1, 
5263,1, 
5324,1,2
12897, , 
4595,9, 
4597,6, 
4598,4, 
4707,4, 
4737,6, 
444,1, 
3745, ,1
3756,2, 
4636,1, 
4780,4,2
4820,4, 
4821,1, 
4844, ,1
12931, , 
12932, , 
12941, , 
4727,2,2
3757,1,2
446,1, 
447,2, 
4396,1, 
4406, ,1
4409, ,1
4600,1, 
4605,1,2
4606,2, 
4607,7, 
4620, ,1
4621, ,1
4631, ,1
4758,2, 
4760,1,2
4783, ,1
4806,3, 
4863,3, 
4869, ,1
5262, ,1
5270, ,1
5274, ,1
5323,3, 
5325, ,1
12886, , 
12934, , 
12943, , 
448,1, 
4699,4,2
4404,1, 
4405, ,1
4639,6, 
4862,3, 
4880, ,1
12915, , 
3744,7, 
3777,2,2
4881,3, 
4424, ,1
4797,1, 
4628,3, 
4657,2, 
4602,1,2
4648,6, 
4853,6, 
4658, ,1
4736, ,1
4823,1, 
12895, , 
12896, , 
12926, , 
12933, , 
4751,1, 
12908, , 
4732, ,1
12917, , 
4836,2, 
3398,2, 
2821,5, 
12865, , 
4635,2, 
1112,7, 
2050,1, 
2050,1, 
2958,1,2
3416,5, 
1115, ,1
12869, , 
12907, , 
12948, , 
4296,2, 
12912, , 
12923, , 
12929, , 
12871, , 
12887, , 
4646,6, 
1114,5, 
4744,9, 
4840,1, 
4835,2, 
2826,1, 
2822,2, 
4300,2, 
4340,1, 
4718,3, 
2827, ,1
4618, ,1
4730,1, 
4766,2, 
4808, ,1
4878,3, 
12873, , 
12877, , 
12925, , 
12940, , 
2051,2, 
3419,2, 
3421, ,1
3552, ,1
3980,2, 
4032,2, 
4612,7, 
4629,6, 
4667,1, 
4670,3, 
4693,2,2
4697, ,1
4720,3, 
4738,3, 
4761,7,2
4775,2, 
4779, ,1
4792,6, 
4814,1,2
4816,2, 
4843,3, 
4858,6, 
4878,3, 
5702,5, 
12864, , 
12892, , 
4804,2, 
3418,6, 
4739,2, 
4741,5, 
12939, , 
12946, , 
2957,4, 
4035,3, 
4842,3, 
12876, , 
12888, , 
12921, , 
12894, , 
12905, , 
12938, , 
4852,4, 
2957,4, 
4812,2, 
4632,4, 
4872,2, 
2828,3, 
3981,2, 
4755,2, 
4762,2, 
4037,1, 
4660,3, 
4669,2, 
4695, ,1
4696, ,1
4851,3, 
4874,3, 
12937, , 
1117, ,1
3395,2, 
4299, ,1
4336,1, 
4641, ,1
4624,2, 
4653, ,1
4747,2, 
4773,3, 
4891,1, 
4892,2, 
4894,4, 
12882, , 
12916, , 
3417, ,1
4337, ,1
4651, ,1
4676,4, 
4813,2, 
4824,5, 
12920, , 
2811,2, 
2813,1, 
2814,1,2
2823, ,1
2829,1, 
3394,3, 
4033,1, 
4654,4, 
4655, ,1
4665, ,1
4672, ,1
4687,1,2
4717,2,2
4724,6, 
4837,1,2
12884, , 
12898, , 
12919, , 
4713, ,1
4819,1,2
2052,2, 
3397,1, 
4712, ,1
4734,4, 
2817,3, 
4298,9, 
4776,3, 
12878, , 
4339,13, 
12942, , 
1991, ,1
2054, ,1
4675,1,2
2825, ,1
4668, ,1
4692, ,1
4710, ,1
4714,5, 
4787,2, 
4796,5,2
4800,1, 
4833,2, 
4883,1, 
4889,4, 
12881, , 
1951,1, 
4341,1, 
4781,2, 
4809,3, 
5698,6, 
12947, , 
4771,4, 
4772,2, 
12883, , 
12891, , 
12900, , 
4705, ,1
4768,3, 
1116,3, 
2818,2, 
4656,3, 
4729,10, 
4801,2, 
4839,2,2
4875,1,2
4890,4, 
5673,16, 
12909, , 
12913, , 
12924, , 
2824, ,1
4649,4, 
4663,1,2
4684,5, 
4709,1, 
4716, ,1
4757,5, 
4814,2,2
4850, ,1
12899, , 
12922, , 
4715,6, 
4817,1, 
4868,2, 
4634, ,1
4683,1,2
4702, ,1
4753, ,1
4610, ,1
4754,1, 
4652,2, 
4294,4, 
